Request_ID,Date,WFH_Type
1,2024-11-14,AM
2,2024-10-27,WD
2,2024-10-28,WD
2,2024-10-29,WD
2,2024-10-30,WD
2,2024-10-31,WD
2,2024-11-01,WD
2,2024-11-02,WD
2,2024-11-03,WD
2,2024-11-04,WD
2,2024-11-05,WD
2,2024-11-06,WD
2,2024-11-07,WD
2,2024-11-08,WD
2,2024-11-09,WD
2,2024-11-10,WD
2,2024-11-11,WD
2,2024-11-12,WD
2,2024-11-13,WD
2,2024-11-14,WD
2,2024-11-15,WD
2,2024-11-16,WD
2,2024-11-17,WD
2,2024-11-18,WD
2,2024-11-19,WD
2,2024-11-20,WD
2,2024-11-21,WD
2,2024-11-22,WD
2,2024-11-23,WD
2,2024-11-24,WD
2,2024-11-25,WD
2,2024-11-26,WD
2,2024-11-27,WD
2,2024-11-28,WD
2,2024-11-29,WD
2,2024-11-30,WD
2,2024-12-01,WD
2,2024-12-02,WD
2,2024-12-03,WD
2,2024-12-04,WD
2,2024-12-05,WD
2,2024-12-06,WD
2,2024-12-07,WD
2,2024-12-08,WD
2,2024-12-09,WD
2,2024-12-10,WD
2,2024-12-11,WD
2,2024-12-12,WD
2,2024-12-13,WD
2,2024-12-14,WD
2,2024-12-15,WD
2,2024-12-16,WD
2,2024-12-17,WD
2,2024-12-18,WD
2,2024-12-19,WD
2,2024-12-20,WD
2,2024-12-21,WD
2,2024-12-22,WD
2,2024-12-23,WD
3,2024-07-21,PM
3,2024-07-22,PM
3,2024-07-23,PM
3,2024-07-24,PM
3,2024-07-25,PM
3,2024-07-26,PM
3,2024-07-27,PM
3,2024-07-28,PM
3,2024-07-29,PM
3,2024-07-30,PM
3,2024-07-31,PM
3,2024-08-01,PM
3,2024-08-02,PM
3,2024-08-03,PM
3,2024-08-04,PM
3,2024-08-05,PM
3,2024-08-06,PM
3,2024-08-07,PM
3,2024-08-08,PM
3,2024-08-09,PM
3,2024-08-10,PM
3,2024-08-11,PM
3,2024-08-12,PM
3,2024-08-13,PM
3,2024-08-14,PM
3,2024-08-15,PM
3,2024-08-16,PM
3,2024-08-17,PM
3,2024-08-18,PM
3,2024-08-19,PM
3,2024-08-20,PM
3,2024-08-21,PM
3,2024-08-22,PM
3,2024-08-23,PM
3,2024-08-24,PM
3,2024-08-25,PM
3,2024-08-26,PM
3,2024-08-27,PM
3,2024-08-28,PM
3,2024-08-29,PM
3,2024-08-30,PM
3,2024-08-31,PM
3,2024-09-01,PM
3,2024-09-02,PM
3,2024-09-03,PM
3,2024-09-04,PM
3,2024-09-05,PM
3,2024-09-06,PM
3,2024-09-07,PM
3,2024-09-08,PM
3,2024-09-09,PM
3,2024-09-10,PM
3,2024-09-11,PM
3,2024-09-12,PM
3,2024-09-13,PM
3,2024-09-14,PM
3,2024-09-15,PM
3,2024-09-16,PM
3,2024-09-17,PM
3,2024-09-18,PM
3,2024-09-19,PM
3,2024-09-20,PM
3,2024-09-21,PM
3,2024-09-22,PM
3,2024-09-23,PM
3,2024-09-24,PM
3,2024-09-25,PM
3,2024-09-26,PM
3,2024-09-27,PM
3,2024-09-28,PM
3,2024-09-29,PM
3,2024-09-30,PM
3,2024-10-01,PM
3,2024-10-02,PM
3,2024-10-03,PM
3,2024-10-04,PM
3,2024-10-05,PM
3,2024-10-06,PM
3,2024-10-07,PM
3,2024-10-08,PM
3,2024-10-09,PM
3,2024-10-10,PM
5,2024-09-08,AM
5,2024-09-09,AM
5,2024-09-10,AM
5,2024-09-11,AM
5,2024-09-12,AM
5,2024-09-13,AM
5,2024-09-14,AM
5,2024-09-15,AM
5,2024-09-16,AM
5,2024-09-17,AM
5,2024-09-18,AM
5,2024-09-19,AM
5,2024-09-20,AM
5,2024-09-21,AM
5,2024-09-22,AM
5,2024-09-23,AM
5,2024-09-24,AM
5,2024-09-25,AM
5,2024-09-26,AM
5,2024-09-27,AM
5,2024-09-28,AM
5,2024-09-29,AM
5,2024-09-30,AM
5,2024-10-01,AM
5,2024-10-02,AM
5,2024-10-03,AM
5,2024-10-04,AM
5,2024-10-05,AM
5,2024-10-06,AM
5,2024-10-07,AM
5,2024-10-08,AM
5,2024-10-09,AM
5,2024-10-10,AM
5,2024-10-11,AM
5,2024-10-12,AM
5,2024-10-13,AM
5,2024-10-14,AM
5,2024-10-15,AM
5,2024-10-16,AM
5,2024-10-17,AM
5,2024-10-18,AM
5,2024-10-19,AM
5,2024-10-20,AM
5,2024-10-21,AM
5,2024-10-22,AM
5,2024-10-23,AM
5,2024-10-24,AM
5,2024-10-25,AM
5,2024-10-26,AM
5,2024-10-27,AM
5,2024-10-28,AM
5,2024-10-29,AM
5,2024-10-30,AM
5,2024-10-31,AM
5,2024-11-01,AM
5,2024-11-02,AM
5,2024-11-03,AM
5,2024-11-04,AM
5,2024-11-05,AM
5,2024-11-06,AM
5,2024-11-07,AM
5,2024-11-08,AM
5,2024-11-09,AM
5,2024-11-10,AM
5,2024-11-11,AM
5,2024-11-12,AM
5,2024-11-13,AM
5,2024-11-14,AM
5,2024-11-15,AM
5,2024-11-16,AM
5,2024-11-17,AM
5,2024-11-18,AM
5,2024-11-19,AM
5,2024-11-20,AM
5,2024-11-21,AM
5,2024-11-22,AM
5,2024-11-23,AM
5,2024-11-24,AM
5,2024-11-25,AM
5,2024-11-26,AM
5,2024-11-27,AM
6,2024-11-07,PM
6,2024-11-08,PM
6,2024-11-09,PM
6,2024-11-10,PM
6,2024-11-11,PM
6,2024-11-12,PM
6,2024-11-13,PM
6,2024-11-14,PM
6,2024-11-15,PM
6,2024-11-16,PM
6,2024-11-17,PM
6,2024-11-18,PM
6,2024-11-19,PM
6,2024-11-20,PM
6,2024-11-21,PM
6,2024-11-22,PM
6,2024-11-23,PM
6,2024-11-24,PM
7,2024-12-30,PM
7,2024-12-31,PM
8,2024-03-26,PM
8,2024-03-27,PM
8,2024-03-28,PM
8,2024-03-29,PM
8,2024-03-30,PM
8,2024-03-31,PM
8,2024-04-01,PM
8,2024-04-02,PM
8,2024-04-03,PM
8,2024-04-04,PM
8,2024-04-05,PM
8,2024-04-06,PM
8,2024-04-07,PM
8,2024-04-08,PM
8,2024-04-09,PM
8,2024-04-10,PM
8,2024-04-11,PM
8,2024-04-12,PM
8,2024-04-13,PM
8,2024-04-14,PM
8,2024-04-15,PM
8,2024-04-16,PM
8,2024-04-17,PM
8,2024-04-18,PM
8,2024-04-19,PM
8,2024-04-20,PM
8,2024-04-21,PM
8,2024-04-22,PM
8,2024-04-23,PM
8,2024-04-24,PM
8,2024-04-25,PM
8,2024-04-26,PM
8,2024-04-27,PM
8,2024-04-28,PM
8,2024-04-29,PM
8,2024-04-30,PM
8,2024-05-01,PM
8,2024-05-02,PM
8,2024-05-03,PM
8,2024-05-04,PM
8,2024-05-05,PM
8,2024-05-06,PM
8,2024-05-07,PM
8,2024-05-08,PM
8,2024-05-09,PM
8,2024-05-10,PM
8,2024-05-11,PM
8,2024-05-12,PM
8,2024-05-13,PM
8,2024-05-14,PM
8,2024-05-15,PM
8,2024-05-16,PM
8,2024-05-17,PM
8,2024-05-18,PM
8,2024-05-19,PM
8,2024-05-20,PM
8,2024-05-21,PM
8,2024-05-22,PM
8,2024-05-23,PM
8,2024-05-24,PM
8,2024-05-25,PM
8,2024-05-26,PM
8,2024-05-27,PM
8,2024-05-28,PM
8,2024-05-29,PM
8,2024-05-30,PM
8,2024-05-31,PM
8,2024-06-01,PM
8,2024-06-02,PM
8,2024-06-03,PM
8,2024-06-04,PM
8,2024-06-05,PM
8,2024-06-06,PM
8,2024-06-07,PM
8,2024-06-08,PM
8,2024-06-09,PM
8,2024-06-10,PM
8,2024-06-11,PM
8,2024-06-12,PM
8,2024-06-13,PM
8,2024-06-14,PM
8,2024-06-15,PM
8,2024-06-16,PM
8,2024-06-17,PM
8,2024-06-18,PM
8,2024-06-19,PM
8,2024-06-20,PM
8,2024-06-21,PM
8,2024-06-22,PM
8,2024-06-23,PM
8,2024-06-24,PM
8,2024-06-25,PM
8,2024-06-26,PM
8,2024-06-27,PM
8,2024-06-28,PM
8,2024-06-29,PM
8,2024-06-30,PM
8,2024-07-01,PM
8,2024-07-02,PM
8,2024-07-03,PM
8,2024-07-04,PM
8,2024-07-05,PM
8,2024-07-06,PM
8,2024-07-07,PM
8,2024-07-08,PM
8,2024-07-09,PM
8,2024-07-10,PM
8,2024-07-11,PM
8,2024-07-12,PM
8,2024-07-13,PM
8,2024-07-14,PM
8,2024-07-15,PM
8,2024-07-16,PM
8,2024-07-17,PM
8,2024-07-18,PM
8,2024-07-19,PM
8,2024-07-20,PM
8,2024-07-21,PM
8,2024-07-22,PM
8,2024-07-23,PM
8,2024-07-24,PM
8,2024-07-25,PM
8,2024-07-26,PM
8,2024-07-27,PM
8,2024-07-28,PM
8,2024-07-29,PM
8,2024-07-30,PM
8,2024-07-31,PM
8,2024-08-01,PM
8,2024-08-02,PM
8,2024-08-03,PM
8,2024-08-04,PM
8,2024-08-05,PM
8,2024-08-06,PM
8,2024-08-07,PM
8,2024-08-08,PM
8,2024-08-09,PM
8,2024-08-10,PM
8,2024-08-11,PM
8,2024-08-12,PM
8,2024-08-13,PM
8,2024-08-14,PM
8,2024-08-15,PM
8,2024-08-16,PM
8,2024-08-17,PM
8,2024-08-18,PM
8,2024-08-19,PM
8,2024-08-20,PM
8,2024-08-21,PM
8,2024-08-22,PM
8,2024-08-23,PM
8,2024-08-24,PM
8,2024-08-25,PM
8,2024-08-26,PM
8,2024-08-27,PM
8,2024-08-28,PM
8,2024-08-29,PM
8,2024-08-30,PM
8,2024-08-31,PM
8,2024-09-01,PM
8,2024-09-02,PM
8,2024-09-03,PM
8,2024-09-04,PM
8,2024-09-05,PM
8,2024-09-06,PM
8,2024-09-07,PM
8,2024-09-08,PM
8,2024-09-09,PM
8,2024-09-10,PM
8,2024-09-11,PM
8,2024-09-12,PM
8,2024-09-13,PM
8,2024-09-14,PM
8,2024-09-15,PM
8,2024-09-16,PM
8,2024-09-17,PM
8,2024-09-18,PM
8,2024-09-19,PM
8,2024-09-20,PM
8,2024-09-21,PM
8,2024-09-22,PM
8,2024-09-23,PM
8,2024-09-24,PM
8,2024-09-25,PM
8,2024-09-26,PM
8,2024-09-27,PM
8,2024-09-28,PM
8,2024-09-29,PM
8,2024-09-30,PM
8,2024-10-01,PM
8,2024-10-02,PM
8,2024-10-03,PM
8,2024-10-04,PM
8,2024-10-05,PM
8,2024-10-06,PM
8,2024-10-07,PM
8,2024-10-08,PM
8,2024-10-09,PM
8,2024-10-10,PM
8,2024-10-11,PM
8,2024-10-12,PM
8,2024-10-13,PM
8,2024-10-14,PM
8,2024-10-15,PM
8,2024-10-16,PM
8,2024-10-17,PM
8,2024-10-18,PM
8,2024-10-19,PM
8,2024-10-20,PM
8,2024-10-21,PM
8,2024-10-22,PM
8,2024-10-23,PM
8,2024-10-24,PM
8,2024-10-25,PM
8,2024-10-26,PM
8,2024-10-27,PM
8,2024-10-28,PM
8,2024-10-29,PM
8,2024-10-30,PM
8,2024-10-31,PM
8,2024-11-01,PM
8,2024-11-02,PM
8,2024-11-03,PM
8,2024-11-04,PM
8,2024-11-05,PM
8,2024-11-06,PM
8,2024-11-07,PM
9,2024-09-18,PM
9,2024-09-19,PM
9,2024-09-20,PM
9,2024-09-21,PM
9,2024-09-22,PM
9,2024-09-23,PM
9,2024-09-24,PM
9,2024-09-25,PM
9,2024-09-26,PM
9,2024-09-27,PM
9,2024-09-28,PM
9,2024-09-29,PM
9,2024-09-30,PM
9,2024-10-01,PM
9,2024-10-02,PM
9,2024-10-03,PM
9,2024-10-04,PM
9,2024-10-05,PM
9,2024-10-06,PM
9,2024-10-07,PM
9,2024-10-08,PM
9,2024-10-09,PM
9,2024-10-10,PM
9,2024-10-11,PM
9,2024-10-12,PM
9,2024-10-13,PM
9,2024-10-14,PM
9,2024-10-15,PM
9,2024-10-16,PM
9,2024-10-17,PM
9,2024-10-18,PM
9,2024-10-19,PM
9,2024-10-20,PM
9,2024-10-21,PM
9,2024-10-22,PM
9,2024-10-23,PM
9,2024-10-24,PM
9,2024-10-25,PM
9,2024-10-26,PM
9,2024-10-27,PM
9,2024-10-28,PM
9,2024-10-29,PM
9,2024-10-30,PM
9,2024-10-31,PM
9,2024-11-01,PM
9,2024-11-02,PM
9,2024-11-03,PM
9,2024-11-04,PM
9,2024-11-05,PM
9,2024-11-06,PM
9,2024-11-07,PM
9,2024-11-08,PM
9,2024-11-09,PM
9,2024-11-10,PM
9,2024-11-11,PM
9,2024-11-12,PM
9,2024-11-13,PM
9,2024-11-14,PM
9,2024-11-15,PM
9,2024-11-16,PM
9,2024-11-17,PM
9,2024-11-18,PM
9,2024-11-19,PM
9,2024-11-20,PM
9,2024-11-21,PM
9,2024-11-22,PM
9,2024-11-23,PM
9,2024-11-24,PM
9,2024-11-25,PM
9,2024-11-26,PM
9,2024-11-27,PM
9,2024-11-28,PM
9,2024-11-29,PM
9,2024-11-30,PM
9,2024-12-01,PM
9,2024-12-02,PM
9,2024-12-03,PM
9,2024-12-04,PM
9,2024-12-05,PM
9,2024-12-06,PM
9,2024-12-07,PM
9,2024-12-08,PM
9,2024-12-09,PM
9,2024-12-10,PM
9,2024-12-11,PM
9,2024-12-12,PM
9,2024-12-13,PM
9,2024-12-14,PM
9,2024-12-15,PM
9,2024-12-16,PM
9,2024-12-17,PM
9,2024-12-18,PM
9,2024-12-19,PM
9,2024-12-20,PM
9,2024-12-21,PM
9,2024-12-22,PM
9,2024-12-23,PM
9,2024-12-24,PM
9,2024-12-25,PM
9,2024-12-26,PM
10,2024-11-17,WD
10,2024-11-18,WD
10,2024-11-19,WD
10,2024-11-20,WD
10,2024-11-21,WD
10,2024-11-22,WD
10,2024-11-23,WD
10,2024-11-24,WD
10,2024-11-25,WD
10,2024-11-26,WD
10,2024-11-27,WD
10,2024-11-28,WD
10,2024-11-29,WD
10,2024-11-30,WD
10,2024-12-01,WD
11,2024-11-23,WD
11,2024-11-24,WD
11,2024-11-25,WD
11,2024-11-26,WD
11,2024-11-27,WD
11,2024-11-28,WD
11,2024-11-29,WD
11,2024-11-30,WD
11,2024-12-01,WD
11,2024-12-02,WD
11,2024-12-03,WD
11,2024-12-04,WD
11,2024-12-05,WD
11,2024-12-06,WD
11,2024-12-07,WD
11,2024-12-08,WD
11,2024-12-09,WD
11,2024-12-10,WD
11,2024-12-11,WD
11,2024-12-12,WD
11,2024-12-13,WD
11,2024-12-14,WD
11,2024-12-15,WD
11,2024-12-16,WD
11,2024-12-17,WD
11,2024-12-18,WD
11,2024-12-19,WD
11,2024-12-20,WD
11,2024-12-21,WD
11,2024-12-22,WD
11,2024-12-23,WD
11,2024-12-24,WD
11,2024-12-25,WD
11,2024-12-26,WD
11,2024-12-27,WD
12,2024-11-19,WD
12,2024-11-20,WD
12,2024-11-21,WD
12,2024-11-22,WD
12,2024-11-23,WD
12,2024-11-24,WD
12,2024-11-25,WD
12,2024-11-26,WD
12,2024-11-27,WD
12,2024-11-28,WD
12,2024-11-29,WD
12,2024-11-30,WD
12,2024-12-01,WD
12,2024-12-02,WD
12,2024-12-03,WD
12,2024-12-04,WD
12,2024-12-05,WD
12,2024-12-06,WD
12,2024-12-07,WD
12,2024-12-08,WD
12,2024-12-09,WD
12,2024-12-10,WD
12,2024-12-11,WD
12,2024-12-12,WD
12,2024-12-13,WD
12,2024-12-14,WD
12,2024-12-15,WD
12,2024-12-16,WD
12,2024-12-17,WD
12,2024-12-18,WD
12,2024-12-19,WD
13,2024-07-28,WD
13,2024-07-29,WD
13,2024-07-30,WD
13,2024-07-31,WD
13,2024-08-01,WD
13,2024-08-02,WD
13,2024-08-03,WD
13,2024-08-04,WD
13,2024-08-05,WD
13,2024-08-06,WD
13,2024-08-07,WD
13,2024-08-08,WD
13,2024-08-09,WD
13,2024-08-10,WD
13,2024-08-11,WD
13,2024-08-12,WD
13,2024-08-13,WD
13,2024-08-14,WD
13,2024-08-15,WD
13,2024-08-16,WD
13,2024-08-17,WD
13,2024-08-18,WD
13,2024-08-19,WD
13,2024-08-20,WD
13,2024-08-21,WD
13,2024-08-22,WD
13,2024-08-23,WD
13,2024-08-24,WD
13,2024-08-25,WD
13,2024-08-26,WD
13,2024-08-27,WD
13,2024-08-28,WD
13,2024-08-29,WD
13,2024-08-30,WD
13,2024-08-31,WD
13,2024-09-01,WD
13,2024-09-02,WD
13,2024-09-03,WD
13,2024-09-04,WD
13,2024-09-05,WD
13,2024-09-06,WD
13,2024-09-07,WD
13,2024-09-08,WD
13,2024-09-09,WD
13,2024-09-10,WD
13,2024-09-11,WD
13,2024-09-12,WD
13,2024-09-13,WD
13,2024-09-14,WD
13,2024-09-15,WD
13,2024-09-16,WD
13,2024-09-17,WD
13,2024-09-18,WD
13,2024-09-19,WD
13,2024-09-20,WD
13,2024-09-21,WD
13,2024-09-22,WD
13,2024-09-23,WD
13,2024-09-24,WD
13,2024-09-25,WD
13,2024-09-26,WD
13,2024-09-27,WD
13,2024-09-28,WD
13,2024-09-29,WD
13,2024-09-30,WD
13,2024-10-01,WD
13,2024-10-02,WD
13,2024-10-03,WD
13,2024-10-04,WD
13,2024-10-05,WD
13,2024-10-06,WD
13,2024-10-07,WD
13,2024-10-08,WD
13,2024-10-09,WD
13,2024-10-10,WD
13,2024-10-11,WD
13,2024-10-12,WD
13,2024-10-13,WD
13,2024-10-14,WD
13,2024-10-15,WD
13,2024-10-16,WD
13,2024-10-17,WD
13,2024-10-18,WD
13,2024-10-19,WD
13,2024-10-20,WD
13,2024-10-21,WD
13,2024-10-22,WD
13,2024-10-23,WD
13,2024-10-24,WD
13,2024-10-25,WD
13,2024-10-26,WD
13,2024-10-27,WD
13,2024-10-28,WD
13,2024-10-29,WD
13,2024-10-30,WD
13,2024-10-31,WD
13,2024-11-01,WD
13,2024-11-02,WD
13,2024-11-03,WD
13,2024-11-04,WD
13,2024-11-05,WD
13,2024-11-06,WD
13,2024-11-07,WD
13,2024-11-08,WD
13,2024-11-09,WD
13,2024-11-10,WD
13,2024-11-11,WD
13,2024-11-12,WD
13,2024-11-13,WD
13,2024-11-14,WD
13,2024-11-15,WD
13,2024-11-16,WD
13,2024-11-17,WD
13,2024-11-18,WD
13,2024-11-19,WD
13,2024-11-20,WD
13,2024-11-21,WD
13,2024-11-22,WD
13,2024-11-23,WD
13,2024-11-24,WD
13,2024-11-25,WD
13,2024-11-26,WD
13,2024-11-27,WD
13,2024-11-28,WD
13,2024-11-29,WD
13,2024-11-30,WD
13,2024-12-01,WD
13,2024-12-02,WD
13,2024-12-03,WD
13,2024-12-04,WD
13,2024-12-05,WD
13,2024-12-06,WD
13,2024-12-07,WD
13,2024-12-08,WD
13,2024-12-09,WD
13,2024-12-10,WD
13,2024-12-11,WD
13,2024-12-12,WD
13,2024-12-13,WD
13,2024-12-14,WD
13,2024-12-15,WD
13,2024-12-16,WD
13,2024-12-17,WD
13,2024-12-18,WD
13,2024-12-19,WD
13,2024-12-20,WD
13,2024-12-21,WD
14,2024-07-31,PM
14,2024-08-01,PM
14,2024-08-02,PM
14,2024-08-03,PM
14,2024-08-04,PM
14,2024-08-05,PM
14,2024-08-06,PM
14,2024-08-07,PM
14,2024-08-08,PM
14,2024-08-09,PM
14,2024-08-10,PM
14,2024-08-11,PM
14,2024-08-12,PM
14,2024-08-13,PM
14,2024-08-14,PM
14,2024-08-15,PM
14,2024-08-16,PM
14,2024-08-17,PM
14,2024-08-18,PM
14,2024-08-19,PM
14,2024-08-20,PM
14,2024-08-21,PM
14,2024-08-22,PM
14,2024-08-23,PM
14,2024-08-24,PM
14,2024-08-25,PM
14,2024-08-26,PM
14,2024-08-27,PM
14,2024-08-28,PM
14,2024-08-29,PM
14,2024-08-30,PM
14,2024-08-31,PM
14,2024-09-01,PM
14,2024-09-02,PM
14,2024-09-03,PM
14,2024-09-04,PM
14,2024-09-05,PM
14,2024-09-06,PM
14,2024-09-07,PM
14,2024-09-08,PM
14,2024-09-09,PM
14,2024-09-10,PM
14,2024-09-11,PM
14,2024-09-12,PM
14,2024-09-13,PM
14,2024-09-14,PM
14,2024-09-15,PM
14,2024-09-16,PM
14,2024-09-17,PM
14,2024-09-18,PM
14,2024-09-19,PM
14,2024-09-20,PM
14,2024-09-21,PM
14,2024-09-22,PM
14,2024-09-23,PM
14,2024-09-24,PM
14,2024-09-25,PM
14,2024-09-26,PM
14,2024-09-27,PM
14,2024-09-28,PM
14,2024-09-29,PM
14,2024-09-30,PM
14,2024-10-01,PM
14,2024-10-02,PM
14,2024-10-03,PM
14,2024-10-04,PM
14,2024-10-05,PM
14,2024-10-06,PM
14,2024-10-07,PM
14,2024-10-08,PM
14,2024-10-09,PM
14,2024-10-10,PM
14,2024-10-11,PM
14,2024-10-12,PM
14,2024-10-13,PM
14,2024-10-14,PM
14,2024-10-15,PM
14,2024-10-16,PM
14,2024-10-17,PM
14,2024-10-18,PM
14,2024-10-19,PM
14,2024-10-20,PM
14,2024-10-21,PM
14,2024-10-22,PM
14,2024-10-23,PM
14,2024-10-24,PM
14,2024-10-25,PM
14,2024-10-26,PM
14,2024-10-27,PM
14,2024-10-28,PM
14,2024-10-29,PM
14,2024-10-30,PM
14,2024-10-31,PM
14,2024-11-01,PM
14,2024-11-02,PM
14,2024-11-03,PM
14,2024-11-04,PM
14,2024-11-05,PM
14,2024-11-06,PM
14,2024-11-07,PM
14,2024-11-08,PM
14,2024-11-09,PM
14,2024-11-10,PM
14,2024-11-11,PM
14,2024-11-12,PM
14,2024-11-13,PM
14,2024-11-14,PM
14,2024-11-15,PM
14,2024-11-16,PM
14,2024-11-17,PM
14,2024-11-18,PM
14,2024-11-19,PM
14,2024-11-20,PM
14,2024-11-21,PM
14,2024-11-22,PM
14,2024-11-23,PM
14,2024-11-24,PM
14,2024-11-25,PM
14,2024-11-26,PM
14,2024-11-27,PM
14,2024-11-28,PM
14,2024-11-29,PM
14,2024-11-30,PM
14,2024-12-01,PM
14,2024-12-02,PM
14,2024-12-03,PM
14,2024-12-04,PM
15,2024-10-09,AM
15,2024-10-10,AM
15,2024-10-11,AM
15,2024-10-12,AM
15,2024-10-13,AM
15,2024-10-14,AM
15,2024-10-15,AM
15,2024-10-16,AM
15,2024-10-17,AM
15,2024-10-18,AM
15,2024-10-19,AM
15,2024-10-20,AM
15,2024-10-21,AM
15,2024-10-22,AM
15,2024-10-23,AM
15,2024-10-24,AM
15,2024-10-25,AM
15,2024-10-26,AM
15,2024-10-27,AM
15,2024-10-28,AM
15,2024-10-29,AM
15,2024-10-30,AM
15,2024-10-31,AM
15,2024-11-01,AM
15,2024-11-02,AM
15,2024-11-03,AM
15,2024-11-04,AM
15,2024-11-05,AM
15,2024-11-06,AM
15,2024-11-07,AM
15,2024-11-08,AM
15,2024-11-09,AM
15,2024-11-10,AM
15,2024-11-11,AM
15,2024-11-12,AM
15,2024-11-13,AM
15,2024-11-14,AM
15,2024-11-15,AM
15,2024-11-16,AM
15,2024-11-17,AM
15,2024-11-18,AM
15,2024-11-19,AM
15,2024-11-20,AM
15,2024-11-21,AM
15,2024-11-22,AM
15,2024-11-23,AM
15,2024-11-24,AM
15,2024-11-25,AM
15,2024-11-26,AM
15,2024-11-27,AM
15,2024-11-28,AM
15,2024-11-29,AM
15,2024-11-30,AM
15,2024-12-01,AM
15,2024-12-02,AM
15,2024-12-03,AM
15,2024-12-04,AM
15,2024-12-05,AM
15,2024-12-06,AM
15,2024-12-07,AM
15,2024-12-08,AM
15,2024-12-09,AM
15,2024-12-10,AM
15,2024-12-11,AM
15,2024-12-12,AM
15,2024-12-13,AM
15,2024-12-14,AM
15,2024-12-15,AM
15,2024-12-16,AM
15,2024-12-17,AM
15,2024-12-18,AM
16,2024-12-20,AM
16,2024-12-21,AM
16,2024-12-22,AM
16,2024-12-23,AM
16,2024-12-24,AM
16,2024-12-25,AM
16,2024-12-26,AM
16,2024-12-27,AM
16,2024-12-28,AM
16,2024-12-29,AM
16,2024-12-30,AM
16,2024-12-31,AM
17,2024-08-30,WD
17,2024-08-31,WD
17,2024-09-01,WD
17,2024-09-02,WD
17,2024-09-03,WD
17,2024-09-04,WD
17,2024-09-05,WD
17,2024-09-06,WD
17,2024-09-07,WD
17,2024-09-08,WD
17,2024-09-09,WD
17,2024-09-10,WD
17,2024-09-11,WD
17,2024-09-12,WD
17,2024-09-13,WD
17,2024-09-14,WD
17,2024-09-15,WD
17,2024-09-16,WD
17,2024-09-17,WD
17,2024-09-18,WD
17,2024-09-19,WD
17,2024-09-20,WD
17,2024-09-21,WD
17,2024-09-22,WD
17,2024-09-23,WD
17,2024-09-24,WD
17,2024-09-25,WD
17,2024-09-26,WD
17,2024-09-27,WD
17,2024-09-28,WD
17,2024-09-29,WD
17,2024-09-30,WD
17,2024-10-01,WD
17,2024-10-02,WD
17,2024-10-03,WD
17,2024-10-04,WD
17,2024-10-05,WD
17,2024-10-06,WD
17,2024-10-07,WD
17,2024-10-08,WD
17,2024-10-09,WD
17,2024-10-10,WD
17,2024-10-11,WD
17,2024-10-12,WD
17,2024-10-13,WD
17,2024-10-14,WD
17,2024-10-15,WD
17,2024-10-16,WD
17,2024-10-17,WD
17,2024-10-18,WD
17,2024-10-19,WD
17,2024-10-20,WD
17,2024-10-21,WD
17,2024-10-22,WD
17,2024-10-23,WD
17,2024-10-24,WD
17,2024-10-25,WD
17,2024-10-26,WD
17,2024-10-27,WD
17,2024-10-28,WD
17,2024-10-29,WD
17,2024-10-30,WD
17,2024-10-31,WD
17,2024-11-01,WD
17,2024-11-02,WD
17,2024-11-03,WD
17,2024-11-04,WD
17,2024-11-05,WD
17,2024-11-06,WD
17,2024-11-07,WD
17,2024-11-08,WD
17,2024-11-09,WD
17,2024-11-10,WD
17,2024-11-11,WD
17,2024-11-12,WD
17,2024-11-13,WD
17,2024-11-14,WD
17,2024-11-15,WD
17,2024-11-16,WD
17,2024-11-17,WD
17,2024-11-18,WD
17,2024-11-19,WD
17,2024-11-20,WD
17,2024-11-21,WD
17,2024-11-22,WD
17,2024-11-23,WD
17,2024-11-24,WD
17,2024-11-25,WD
17,2024-11-26,WD
17,2024-11-27,WD
17,2024-11-28,WD
17,2024-11-29,WD
17,2024-11-30,WD
17,2024-12-01,WD
17,2024-12-02,WD
17,2024-12-03,WD
17,2024-12-04,WD
17,2024-12-05,WD
17,2024-12-06,WD
17,2024-12-07,WD
17,2024-12-08,WD
17,2024-12-09,WD
17,2024-12-10,WD
17,2024-12-11,WD
17,2024-12-12,WD
17,2024-12-13,WD
17,2024-12-14,WD
17,2024-12-15,WD
17,2024-12-16,WD
17,2024-12-17,WD
17,2024-12-18,WD
17,2024-12-19,WD
17,2024-12-20,WD
17,2024-12-21,WD
17,2024-12-22,WD
17,2024-12-23,WD
17,2024-12-24,WD
17,2024-12-25,WD
17,2024-12-26,WD
17,2024-12-27,WD
17,2024-12-28,WD
18,2024-10-13,AM
18,2024-10-14,AM
18,2024-10-15,AM
18,2024-10-16,AM
18,2024-10-17,AM
18,2024-10-18,AM
18,2024-10-19,AM
18,2024-10-20,AM
18,2024-10-21,AM
18,2024-10-22,AM
18,2024-10-23,AM
18,2024-10-24,AM
18,2024-10-25,AM
18,2024-10-26,AM
18,2024-10-27,AM
18,2024-10-28,AM
18,2024-10-29,AM
18,2024-10-30,AM
18,2024-10-31,AM
18,2024-11-01,AM
18,2024-11-02,AM
18,2024-11-03,AM
18,2024-11-04,AM
18,2024-11-05,AM
18,2024-11-06,AM
18,2024-11-07,AM
18,2024-11-08,AM
18,2024-11-09,AM
18,2024-11-10,AM
18,2024-11-11,AM
18,2024-11-12,AM
18,2024-11-13,AM
18,2024-11-14,AM
18,2024-11-15,AM
18,2024-11-16,AM
18,2024-11-17,AM
18,2024-11-18,AM
18,2024-11-19,AM
18,2024-11-20,AM
18,2024-11-21,AM
18,2024-11-22,AM
18,2024-11-23,AM
18,2024-11-24,AM
18,2024-11-25,AM
18,2024-11-26,AM
18,2024-11-27,AM
18,2024-11-28,AM
18,2024-11-29,AM
18,2024-11-30,AM
18,2024-12-01,AM
18,2024-12-02,AM
18,2024-12-03,AM
18,2024-12-04,AM
18,2024-12-05,AM
18,2024-12-06,AM
18,2024-12-07,AM
18,2024-12-08,AM
18,2024-12-09,AM
18,2024-12-10,AM
18,2024-12-11,AM
18,2024-12-12,AM
18,2024-12-13,AM
18,2024-12-14,AM
18,2024-12-15,AM
18,2024-12-16,AM
18,2024-12-17,AM
18,2024-12-18,AM
18,2024-12-19,AM
18,2024-12-20,AM
18,2024-12-21,AM
18,2024-12-22,AM
18,2024-12-23,AM
18,2024-12-24,AM
19,2024-12-06,AM
19,2024-12-07,AM
19,2024-12-08,AM
19,2024-12-09,AM
19,2024-12-10,AM
19,2024-12-11,AM
19,2024-12-12,AM
19,2024-12-13,AM
19,2024-12-14,AM
19,2024-12-15,AM
19,2024-12-16,AM
19,2024-12-17,AM
19,2024-12-18,AM
19,2024-12-19,AM
19,2024-12-20,AM
19,2024-12-21,AM
19,2024-12-22,AM
20,2024-07-26,WD
20,2024-07-27,WD
20,2024-07-28,WD
20,2024-07-29,WD
20,2024-07-30,WD
20,2024-07-31,WD
20,2024-08-01,WD
20,2024-08-02,WD
20,2024-08-03,WD
20,2024-08-04,WD
20,2024-08-05,WD
20,2024-08-06,WD
20,2024-08-07,WD
20,2024-08-08,WD
20,2024-08-09,WD
20,2024-08-10,WD
20,2024-08-11,WD
20,2024-08-12,WD
20,2024-08-13,WD
20,2024-08-14,WD
20,2024-08-15,WD
20,2024-08-16,WD
20,2024-08-17,WD
20,2024-08-18,WD
20,2024-08-19,WD
20,2024-08-20,WD
20,2024-08-21,WD
20,2024-08-22,WD
20,2024-08-23,WD
20,2024-08-24,WD
20,2024-08-25,WD
20,2024-08-26,WD
20,2024-08-27,WD
20,2024-08-28,WD
20,2024-08-29,WD
20,2024-08-30,WD
20,2024-08-31,WD
20,2024-09-01,WD
20,2024-09-02,WD
20,2024-09-03,WD
20,2024-09-04,WD
20,2024-09-05,WD
20,2024-09-06,WD
20,2024-09-07,WD
20,2024-09-08,WD
20,2024-09-09,WD
20,2024-09-10,WD
20,2024-09-11,WD
20,2024-09-12,WD
20,2024-09-13,WD
20,2024-09-14,WD
20,2024-09-15,WD
20,2024-09-16,WD
20,2024-09-17,WD
20,2024-09-18,WD
20,2024-09-19,WD
20,2024-09-20,WD
20,2024-09-21,WD
20,2024-09-22,WD
20,2024-09-23,WD
20,2024-09-24,WD
20,2024-09-25,WD
20,2024-09-26,WD
20,2024-09-27,WD
20,2024-09-28,WD
20,2024-09-29,WD
20,2024-09-30,WD
20,2024-10-01,WD
20,2024-10-02,WD
20,2024-10-03,WD
20,2024-10-04,WD
20,2024-10-05,WD
20,2024-10-06,WD
20,2024-10-07,WD
20,2024-10-08,WD
20,2024-10-09,WD
20,2024-10-10,WD
20,2024-10-11,WD
20,2024-10-12,WD
20,2024-10-13,WD
20,2024-10-14,WD
20,2024-10-15,WD
20,2024-10-16,WD
20,2024-10-17,WD
20,2024-10-18,WD
20,2024-10-19,WD
20,2024-10-20,WD
20,2024-10-21,WD
20,2024-10-22,WD
20,2024-10-23,WD
20,2024-10-24,WD
20,2024-10-25,WD
20,2024-10-26,WD
20,2024-10-27,WD
20,2024-10-28,WD
20,2024-10-29,WD
20,2024-10-30,WD
20,2024-10-31,WD
20,2024-11-01,WD
20,2024-11-02,WD
20,2024-11-03,WD
20,2024-11-04,WD
20,2024-11-05,WD
20,2024-11-06,WD
20,2024-11-07,WD
20,2024-11-08,WD
20,2024-11-09,WD
20,2024-11-10,WD
20,2024-11-11,WD
20,2024-11-12,WD
20,2024-11-13,WD
20,2024-11-14,WD
20,2024-11-15,WD
20,2024-11-16,WD
20,2024-11-17,WD
20,2024-11-18,WD
20,2024-11-19,WD
20,2024-11-20,WD
20,2024-11-21,WD
20,2024-11-22,WD
20,2024-11-23,WD
20,2024-11-24,WD
20,2024-11-25,WD
20,2024-11-26,WD
20,2024-11-27,WD
20,2024-11-28,WD
20,2024-11-29,WD
20,2024-11-30,WD
20,2024-12-01,WD
20,2024-12-02,WD
20,2024-12-03,WD
20,2024-12-04,WD
20,2024-12-05,WD
20,2024-12-06,WD
20,2024-12-07,WD
20,2024-12-08,WD
20,2024-12-09,WD
20,2024-12-10,WD
20,2024-12-11,WD
20,2024-12-12,WD
20,2024-12-13,WD
20,2024-12-14,WD
20,2024-12-15,WD
20,2024-12-16,WD
20,2024-12-17,WD
20,2024-12-18,WD
20,2024-12-19,WD
20,2024-12-20,WD
20,2024-12-21,WD
20,2024-12-22,WD
20,2024-12-23,WD
21,2024-12-20,WD
21,2024-12-21,WD
21,2024-12-22,WD
21,2024-12-23,WD
21,2024-12-24,WD
21,2024-12-25,WD
21,2024-12-26,WD
21,2024-12-27,WD
21,2024-12-28,WD
21,2024-12-29,WD
22,2024-09-24,WD
22,2024-09-25,WD
22,2024-09-26,WD
22,2024-09-27,WD
22,2024-09-28,WD
22,2024-09-29,WD
22,2024-09-30,WD
22,2024-10-01,WD
22,2024-10-02,WD
22,2024-10-03,WD
22,2024-10-04,WD
22,2024-10-05,WD
22,2024-10-06,WD
22,2024-10-07,WD
22,2024-10-08,WD
22,2024-10-09,WD
22,2024-10-10,WD
22,2024-10-11,WD
22,2024-10-12,WD
22,2024-10-13,WD
22,2024-10-14,WD
22,2024-10-15,WD
22,2024-10-16,WD
22,2024-10-17,WD
22,2024-10-18,WD
22,2024-10-19,WD
22,2024-10-20,WD
22,2024-10-21,WD
22,2024-10-22,WD
22,2024-10-23,WD
22,2024-10-24,WD
22,2024-10-25,WD
22,2024-10-26,WD
22,2024-10-27,WD
22,2024-10-28,WD
22,2024-10-29,WD
22,2024-10-30,WD
22,2024-10-31,WD
22,2024-11-01,WD
22,2024-11-02,WD
22,2024-11-03,WD
22,2024-11-04,WD
22,2024-11-05,WD
22,2024-11-06,WD
22,2024-11-07,WD
22,2024-11-08,WD
22,2024-11-09,WD
22,2024-11-10,WD
22,2024-11-11,WD
22,2024-11-12,WD
22,2024-11-13,WD
22,2024-11-14,WD
22,2024-11-15,WD
22,2024-11-16,WD
22,2024-11-17,WD
22,2024-11-18,WD
22,2024-11-19,WD
22,2024-11-20,WD
22,2024-11-21,WD
22,2024-11-22,WD
22,2024-11-23,WD
22,2024-11-24,WD
22,2024-11-25,WD
22,2024-11-26,WD
22,2024-11-27,WD
22,2024-11-28,WD
22,2024-11-29,WD
22,2024-11-30,WD
22,2024-12-01,WD
22,2024-12-02,WD
22,2024-12-03,WD
22,2024-12-04,WD
22,2024-12-05,WD
22,2024-12-06,WD
22,2024-12-07,WD
22,2024-12-08,WD
22,2024-12-09,WD
22,2024-12-10,WD
22,2024-12-11,WD
22,2024-12-12,WD
22,2024-12-13,WD
22,2024-12-14,WD
22,2024-12-15,WD
22,2024-12-16,WD
22,2024-12-17,WD
22,2024-12-18,WD
23,2024-09-25,WD
23,2024-09-26,WD
23,2024-09-27,WD
23,2024-09-28,WD
23,2024-09-29,WD
23,2024-09-30,WD
23,2024-10-01,WD
23,2024-10-02,WD
23,2024-10-03,WD
23,2024-10-04,WD
23,2024-10-05,WD
23,2024-10-06,WD
23,2024-10-07,WD
23,2024-10-08,WD
23,2024-10-09,WD
23,2024-10-10,WD
23,2024-10-11,WD
23,2024-10-12,WD
23,2024-10-13,WD
23,2024-10-14,WD
23,2024-10-15,WD
23,2024-10-16,WD
23,2024-10-17,WD
23,2024-10-18,WD
23,2024-10-19,WD
23,2024-10-20,WD
23,2024-10-21,WD
23,2024-10-22,WD
23,2024-10-23,WD
23,2024-10-24,WD
23,2024-10-25,WD
23,2024-10-26,WD
23,2024-10-27,WD
23,2024-10-28,WD
23,2024-10-29,WD
23,2024-10-30,WD
23,2024-10-31,WD
23,2024-11-01,WD
23,2024-11-02,WD
23,2024-11-03,WD
23,2024-11-04,WD
23,2024-11-05,WD
23,2024-11-06,WD
23,2024-11-07,WD
23,2024-11-08,WD
23,2024-11-09,WD
23,2024-11-10,WD
23,2024-11-11,WD
23,2024-11-12,WD
23,2024-11-13,WD
23,2024-11-14,WD
23,2024-11-15,WD
23,2024-11-16,WD
23,2024-11-17,WD
23,2024-11-18,WD
23,2024-11-19,WD
23,2024-11-20,WD
23,2024-11-21,WD
23,2024-11-22,WD
23,2024-11-23,WD
23,2024-11-24,WD
23,2024-11-25,WD
23,2024-11-26,WD
23,2024-11-27,WD
23,2024-11-28,WD
23,2024-11-29,WD
23,2024-11-30,WD
23,2024-12-01,WD
23,2024-12-02,WD
23,2024-12-03,WD
23,2024-12-04,WD
23,2024-12-05,WD
23,2024-12-06,WD
23,2024-12-07,WD
23,2024-12-08,WD
23,2024-12-09,WD
23,2024-12-10,WD
23,2024-12-11,WD
23,2024-12-12,WD
23,2024-12-13,WD
23,2024-12-14,WD
23,2024-12-15,WD
23,2024-12-16,WD
23,2024-12-17,WD
23,2024-12-18,WD
23,2024-12-19,WD
23,2024-12-20,WD
23,2024-12-21,WD
23,2024-12-22,WD
23,2024-12-23,WD
23,2024-12-24,WD
23,2024-12-25,WD
23,2024-12-26,WD
23,2024-12-27,WD
23,2024-12-28,WD
23,2024-12-29,WD
24,2024-12-28,AM
24,2024-12-29,AM
24,2024-12-30,AM
25,2024-11-27,WD
25,2024-11-28,WD
25,2024-11-29,WD
25,2024-11-30,WD
25,2024-12-01,WD
25,2024-12-02,WD
25,2024-12-03,WD
25,2024-12-04,WD
25,2024-12-05,WD
25,2024-12-06,WD
25,2024-12-07,WD
25,2024-12-08,WD
25,2024-12-09,WD
25,2024-12-10,WD
25,2024-12-11,WD
25,2024-12-12,WD
25,2024-12-13,WD
25,2024-12-14,WD
25,2024-12-15,WD
26,2024-08-22,WD
26,2024-08-23,WD
26,2024-08-24,WD
26,2024-08-25,WD
26,2024-08-26,WD
26,2024-08-27,WD
26,2024-08-28,WD
26,2024-08-29,WD
26,2024-08-30,WD
26,2024-08-31,WD
26,2024-09-01,WD
26,2024-09-02,WD
26,2024-09-03,WD
26,2024-09-04,WD
26,2024-09-05,WD
26,2024-09-06,WD
26,2024-09-07,WD
26,2024-09-08,WD
26,2024-09-09,WD
26,2024-09-10,WD
26,2024-09-11,WD
26,2024-09-12,WD
26,2024-09-13,WD
26,2024-09-14,WD
26,2024-09-15,WD
26,2024-09-16,WD
26,2024-09-17,WD
26,2024-09-18,WD
26,2024-09-19,WD
26,2024-09-20,WD
26,2024-09-21,WD
26,2024-09-22,WD
26,2024-09-23,WD
26,2024-09-24,WD
26,2024-09-25,WD
26,2024-09-26,WD
26,2024-09-27,WD
26,2024-09-28,WD
26,2024-09-29,WD
26,2024-09-30,WD
26,2024-10-01,WD
26,2024-10-02,WD
26,2024-10-03,WD
26,2024-10-04,WD
26,2024-10-05,WD
26,2024-10-06,WD
26,2024-10-07,WD
26,2024-10-08,WD
26,2024-10-09,WD
26,2024-10-10,WD
26,2024-10-11,WD
26,2024-10-12,WD
26,2024-10-13,WD
26,2024-10-14,WD
26,2024-10-15,WD
26,2024-10-16,WD
26,2024-10-17,WD
26,2024-10-18,WD
26,2024-10-19,WD
26,2024-10-20,WD
26,2024-10-21,WD
26,2024-10-22,WD
26,2024-10-23,WD
26,2024-10-24,WD
26,2024-10-25,WD
26,2024-10-26,WD
26,2024-10-27,WD
26,2024-10-28,WD
26,2024-10-29,WD
26,2024-10-30,WD
26,2024-10-31,WD
26,2024-11-01,WD
26,2024-11-02,WD
26,2024-11-03,WD
26,2024-11-04,WD
26,2024-11-05,WD
26,2024-11-06,WD
26,2024-11-07,WD
26,2024-11-08,WD
26,2024-11-09,WD
26,2024-11-10,WD
26,2024-11-11,WD
26,2024-11-12,WD
26,2024-11-13,WD
26,2024-11-14,WD
26,2024-11-15,WD
26,2024-11-16,WD
26,2024-11-17,WD
26,2024-11-18,WD
26,2024-11-19,WD
26,2024-11-20,WD
26,2024-11-21,WD
26,2024-11-22,WD
26,2024-11-23,WD
26,2024-11-24,WD
26,2024-11-25,WD
26,2024-11-26,WD
26,2024-11-27,WD
26,2024-11-28,WD
26,2024-11-29,WD
26,2024-11-30,WD
26,2024-12-01,WD
26,2024-12-02,WD
26,2024-12-03,WD
26,2024-12-04,WD
26,2024-12-05,WD
26,2024-12-06,WD
26,2024-12-07,WD
26,2024-12-08,WD
26,2024-12-09,WD
26,2024-12-10,WD
26,2024-12-11,WD
26,2024-12-12,WD
26,2024-12-13,WD
26,2024-12-14,WD
26,2024-12-15,WD
26,2024-12-16,WD
26,2024-12-17,WD
26,2024-12-18,WD
26,2024-12-19,WD
26,2024-12-20,WD
26,2024-12-21,WD
26,2024-12-22,WD
26,2024-12-23,WD
26,2024-12-24,WD
26,2024-12-25,WD
26,2024-12-26,WD
26,2024-12-27,WD
27,2024-08-23,PM
27,2024-08-24,PM
27,2024-08-25,PM
27,2024-08-26,PM
27,2024-08-27,PM
27,2024-08-28,PM
27,2024-08-29,PM
27,2024-08-30,PM
27,2024-08-31,PM
27,2024-09-01,PM
27,2024-09-02,PM
27,2024-09-03,PM
27,2024-09-04,PM
27,2024-09-05,PM
27,2024-09-06,PM
27,2024-09-07,PM
27,2024-09-08,PM
27,2024-09-09,PM
27,2024-09-10,PM
27,2024-09-11,PM
27,2024-09-12,PM
27,2024-09-13,PM
27,2024-09-14,PM
27,2024-09-15,PM
27,2024-09-16,PM
27,2024-09-17,PM
27,2024-09-18,PM
27,2024-09-19,PM
27,2024-09-20,PM
27,2024-09-21,PM
27,2024-09-22,PM
27,2024-09-23,PM
27,2024-09-24,PM
27,2024-09-25,PM
27,2024-09-26,PM
27,2024-09-27,PM
27,2024-09-28,PM
27,2024-09-29,PM
27,2024-09-30,PM
27,2024-10-01,PM
27,2024-10-02,PM
27,2024-10-03,PM
27,2024-10-04,PM
27,2024-10-05,PM
27,2024-10-06,PM
27,2024-10-07,PM
27,2024-10-08,PM
27,2024-10-09,PM
27,2024-10-10,PM
27,2024-10-11,PM
27,2024-10-12,PM
27,2024-10-13,PM
27,2024-10-14,PM
27,2024-10-15,PM
27,2024-10-16,PM
27,2024-10-17,PM
27,2024-10-18,PM
27,2024-10-19,PM
27,2024-10-20,PM
27,2024-10-21,PM
27,2024-10-22,PM
27,2024-10-23,PM
27,2024-10-24,PM
27,2024-10-25,PM
27,2024-10-26,PM
27,2024-10-27,PM
27,2024-10-28,PM
27,2024-10-29,PM
27,2024-10-30,PM
27,2024-10-31,PM
27,2024-11-01,PM
27,2024-11-02,PM
27,2024-11-03,PM
27,2024-11-04,PM
27,2024-11-05,PM
27,2024-11-06,PM
27,2024-11-07,PM
27,2024-11-08,PM
27,2024-11-09,PM
27,2024-11-10,PM
27,2024-11-11,PM
27,2024-11-12,PM
27,2024-11-13,PM
27,2024-11-14,PM
27,2024-11-15,PM
27,2024-11-16,PM
27,2024-11-17,PM
27,2024-11-18,PM
27,2024-11-19,PM
27,2024-11-20,PM
27,2024-11-21,PM
27,2024-11-22,PM
27,2024-11-23,PM
27,2024-11-24,PM
27,2024-11-25,PM
27,2024-11-26,PM
27,2024-11-27,PM
27,2024-11-28,PM
27,2024-11-29,PM
27,2024-11-30,PM
27,2024-12-01,PM
27,2024-12-02,PM
27,2024-12-03,PM
27,2024-12-04,PM
27,2024-12-05,PM
27,2024-12-06,PM
27,2024-12-07,PM
27,2024-12-08,PM
27,2024-12-09,PM
27,2024-12-10,PM
27,2024-12-11,PM
27,2024-12-12,PM
27,2024-12-13,PM
27,2024-12-14,PM
27,2024-12-15,PM
27,2024-12-16,PM
27,2024-12-17,PM
27,2024-12-18,PM
27,2024-12-19,PM
27,2024-12-20,PM
27,2024-12-21,PM
27,2024-12-22,PM
27,2024-12-23,PM
27,2024-12-24,PM
27,2024-12-25,PM
27,2024-12-26,PM
27,2024-12-27,PM
27,2024-12-28,PM
27,2024-12-29,PM
27,2024-12-30,PM
28,2024-08-31,AM
28,2024-09-01,AM
28,2024-09-02,AM
28,2024-09-03,AM
28,2024-09-04,AM
28,2024-09-05,AM
28,2024-09-06,AM
28,2024-09-07,AM
28,2024-09-08,AM
28,2024-09-09,AM
28,2024-09-10,AM
28,2024-09-11,AM
28,2024-09-12,AM
28,2024-09-13,AM
28,2024-09-14,AM
28,2024-09-15,AM
28,2024-09-16,AM
28,2024-09-17,AM
28,2024-09-18,AM
28,2024-09-19,AM
28,2024-09-20,AM
28,2024-09-21,AM
28,2024-09-22,AM
28,2024-09-23,AM
28,2024-09-24,AM
28,2024-09-25,AM
28,2024-09-26,AM
28,2024-09-27,AM
28,2024-09-28,AM
28,2024-09-29,AM
28,2024-09-30,AM
28,2024-10-01,AM
28,2024-10-02,AM
28,2024-10-03,AM
28,2024-10-04,AM
28,2024-10-05,AM
28,2024-10-06,AM
28,2024-10-07,AM
28,2024-10-08,AM
28,2024-10-09,AM
28,2024-10-10,AM
28,2024-10-11,AM
28,2024-10-12,AM
28,2024-10-13,AM
28,2024-10-14,AM
28,2024-10-15,AM
28,2024-10-16,AM
28,2024-10-17,AM
28,2024-10-18,AM
28,2024-10-19,AM
28,2024-10-20,AM
28,2024-10-21,AM
28,2024-10-22,AM
28,2024-10-23,AM
28,2024-10-24,AM
28,2024-10-25,AM
28,2024-10-26,AM
28,2024-10-27,AM
28,2024-10-28,AM
28,2024-10-29,AM
28,2024-10-30,AM
28,2024-10-31,AM
28,2024-11-01,AM
28,2024-11-02,AM
28,2024-11-03,AM
28,2024-11-04,AM
28,2024-11-05,AM
28,2024-11-06,AM
28,2024-11-07,AM
28,2024-11-08,AM
28,2024-11-09,AM
28,2024-11-10,AM
28,2024-11-11,AM
28,2024-11-12,AM
28,2024-11-13,AM
28,2024-11-14,AM
28,2024-11-15,AM
28,2024-11-16,AM
28,2024-11-17,AM
28,2024-11-18,AM
28,2024-11-19,AM
28,2024-11-20,AM
28,2024-11-21,AM
28,2024-11-22,AM
29,2024-10-05,AM
29,2024-10-06,AM
29,2024-10-07,AM
29,2024-10-08,AM
29,2024-10-09,AM
29,2024-10-10,AM
29,2024-10-11,AM
29,2024-10-12,AM
29,2024-10-13,AM
29,2024-10-14,AM
29,2024-10-15,AM
29,2024-10-16,AM
29,2024-10-17,AM
29,2024-10-18,AM
29,2024-10-19,AM
29,2024-10-20,AM
29,2024-10-21,AM
29,2024-10-22,AM
29,2024-10-23,AM
29,2024-10-24,AM
29,2024-10-25,AM
29,2024-10-26,AM
29,2024-10-27,AM
29,2024-10-28,AM
29,2024-10-29,AM
29,2024-10-30,AM
29,2024-10-31,AM
29,2024-11-01,AM
29,2024-11-02,AM
29,2024-11-03,AM
29,2024-11-04,AM
29,2024-11-05,AM
29,2024-11-06,AM
29,2024-11-07,AM
29,2024-11-08,AM
29,2024-11-09,AM
29,2024-11-10,AM
29,2024-11-11,AM
29,2024-11-12,AM
29,2024-11-13,AM
30,2024-07-14,AM
30,2024-07-15,AM
30,2024-07-16,AM
30,2024-07-17,AM
30,2024-07-18,AM
30,2024-07-19,AM
30,2024-07-20,AM
30,2024-07-21,AM
30,2024-07-22,AM
30,2024-07-23,AM
30,2024-07-24,AM
30,2024-07-25,AM
30,2024-07-26,AM
30,2024-07-27,AM
30,2024-07-28,AM
30,2024-07-29,AM
30,2024-07-30,AM
30,2024-07-31,AM
30,2024-08-01,AM
30,2024-08-02,AM
30,2024-08-03,AM
30,2024-08-04,AM
30,2024-08-05,AM
30,2024-08-06,AM
30,2024-08-07,AM
30,2024-08-08,AM
30,2024-08-09,AM
30,2024-08-10,AM
30,2024-08-11,AM
30,2024-08-12,AM
30,2024-08-13,AM
30,2024-08-14,AM
30,2024-08-15,AM
30,2024-08-16,AM
30,2024-08-17,AM
30,2024-08-18,AM
30,2024-08-19,AM
30,2024-08-20,AM
30,2024-08-21,AM
30,2024-08-22,AM
30,2024-08-23,AM
30,2024-08-24,AM
30,2024-08-25,AM
30,2024-08-26,AM
30,2024-08-27,AM
30,2024-08-28,AM
30,2024-08-29,AM
30,2024-08-30,AM
30,2024-08-31,AM
30,2024-09-01,AM
30,2024-09-02,AM
30,2024-09-03,AM
30,2024-09-04,AM
30,2024-09-05,AM
30,2024-09-06,AM
30,2024-09-07,AM
30,2024-09-08,AM
30,2024-09-09,AM
30,2024-09-10,AM
30,2024-09-11,AM
30,2024-09-12,AM
30,2024-09-13,AM
30,2024-09-14,AM
30,2024-09-15,AM
30,2024-09-16,AM
30,2024-09-17,AM
30,2024-09-18,AM
30,2024-09-19,AM
30,2024-09-20,AM
30,2024-09-21,AM
30,2024-09-22,AM
30,2024-09-23,AM
30,2024-09-24,AM
30,2024-09-25,AM
30,2024-09-26,AM
30,2024-09-27,AM
30,2024-09-28,AM
30,2024-09-29,AM
30,2024-09-30,AM
30,2024-10-01,AM
30,2024-10-02,AM
30,2024-10-03,AM
30,2024-10-04,AM
30,2024-10-05,AM
30,2024-10-06,AM
30,2024-10-07,AM
30,2024-10-08,AM
30,2024-10-09,AM
30,2024-10-10,AM
30,2024-10-11,AM
30,2024-10-12,AM
30,2024-10-13,AM
30,2024-10-14,AM
30,2024-10-15,AM
30,2024-10-16,AM
30,2024-10-17,AM
30,2024-10-18,AM
30,2024-10-19,AM
30,2024-10-20,AM
30,2024-10-21,AM
30,2024-10-22,AM
30,2024-10-23,AM
30,2024-10-24,AM
30,2024-10-25,AM
30,2024-10-26,AM
30,2024-10-27,AM
30,2024-10-28,AM
30,2024-10-29,AM
30,2024-10-30,AM
30,2024-10-31,AM
30,2024-11-01,AM
30,2024-11-02,AM
30,2024-11-03,AM
30,2024-11-04,AM
30,2024-11-05,AM
30,2024-11-06,AM
30,2024-11-07,AM
30,2024-11-08,AM
30,2024-11-09,AM
30,2024-11-10,AM
30,2024-11-11,AM
30,2024-11-12,AM
30,2024-11-13,AM
30,2024-11-14,AM
30,2024-11-15,AM
30,2024-11-16,AM
30,2024-11-17,AM
30,2024-11-18,AM
30,2024-11-19,AM
30,2024-11-20,AM
30,2024-11-21,AM
30,2024-11-22,AM
30,2024-11-23,AM
30,2024-11-24,AM
30,2024-11-25,AM
30,2024-11-26,AM
30,2024-11-27,AM
30,2024-11-28,AM
31,2024-08-04,PM
31,2024-08-05,PM
31,2024-08-06,PM
31,2024-08-07,PM
31,2024-08-08,PM
31,2024-08-09,PM
31,2024-08-10,PM
31,2024-08-11,PM
31,2024-08-12,PM
31,2024-08-13,PM
31,2024-08-14,PM
31,2024-08-15,PM
31,2024-08-16,PM
31,2024-08-17,PM
31,2024-08-18,PM
31,2024-08-19,PM
32,2024-02-23,WD
32,2024-02-24,WD
32,2024-02-25,WD
32,2024-02-26,WD
32,2024-02-27,WD
32,2024-02-28,WD
32,2024-02-29,WD
32,2024-03-01,WD
32,2024-03-02,WD
32,2024-03-03,WD
32,2024-03-04,WD
32,2024-03-05,WD
32,2024-03-06,WD
32,2024-03-07,WD
32,2024-03-08,WD
32,2024-03-09,WD
32,2024-03-10,WD
32,2024-03-11,WD
32,2024-03-12,WD
32,2024-03-13,WD
32,2024-03-14,WD
32,2024-03-15,WD
32,2024-03-16,WD
32,2024-03-17,WD
32,2024-03-18,WD
32,2024-03-19,WD
32,2024-03-20,WD
32,2024-03-21,WD
32,2024-03-22,WD
32,2024-03-23,WD
32,2024-03-24,WD
32,2024-03-25,WD
32,2024-03-26,WD
32,2024-03-27,WD
32,2024-03-28,WD
32,2024-03-29,WD
32,2024-03-30,WD
32,2024-03-31,WD
32,2024-04-01,WD
32,2024-04-02,WD
32,2024-04-03,WD
32,2024-04-04,WD
32,2024-04-05,WD
32,2024-04-06,WD
32,2024-04-07,WD
32,2024-04-08,WD
32,2024-04-09,WD
32,2024-04-10,WD
32,2024-04-11,WD
32,2024-04-12,WD
32,2024-04-13,WD
32,2024-04-14,WD
32,2024-04-15,WD
32,2024-04-16,WD
32,2024-04-17,WD
32,2024-04-18,WD
32,2024-04-19,WD
32,2024-04-20,WD
32,2024-04-21,WD
32,2024-04-22,WD
32,2024-04-23,WD
32,2024-04-24,WD
32,2024-04-25,WD
32,2024-04-26,WD
32,2024-04-27,WD
32,2024-04-28,WD
32,2024-04-29,WD
32,2024-04-30,WD
32,2024-05-01,WD
32,2024-05-02,WD
32,2024-05-03,WD
32,2024-05-04,WD
32,2024-05-05,WD
32,2024-05-06,WD
32,2024-05-07,WD
32,2024-05-08,WD
32,2024-05-09,WD
32,2024-05-10,WD
32,2024-05-11,WD
32,2024-05-12,WD
32,2024-05-13,WD
32,2024-05-14,WD
32,2024-05-15,WD
32,2024-05-16,WD
32,2024-05-17,WD
32,2024-05-18,WD
32,2024-05-19,WD
32,2024-05-20,WD
32,2024-05-21,WD
32,2024-05-22,WD
32,2024-05-23,WD
32,2024-05-24,WD
32,2024-05-25,WD
32,2024-05-26,WD
32,2024-05-27,WD
32,2024-05-28,WD
32,2024-05-29,WD
32,2024-05-30,WD
32,2024-05-31,WD
32,2024-06-01,WD
32,2024-06-02,WD
32,2024-06-03,WD
32,2024-06-04,WD
32,2024-06-05,WD
32,2024-06-06,WD
32,2024-06-07,WD
32,2024-06-08,WD
32,2024-06-09,WD
32,2024-06-10,WD
32,2024-06-11,WD
32,2024-06-12,WD
32,2024-06-13,WD
32,2024-06-14,WD
32,2024-06-15,WD
32,2024-06-16,WD
32,2024-06-17,WD
32,2024-06-18,WD
32,2024-06-19,WD
32,2024-06-20,WD
32,2024-06-21,WD
32,2024-06-22,WD
32,2024-06-23,WD
32,2024-06-24,WD
32,2024-06-25,WD
32,2024-06-26,WD
32,2024-06-27,WD
32,2024-06-28,WD
32,2024-06-29,WD
32,2024-06-30,WD
32,2024-07-01,WD
32,2024-07-02,WD
32,2024-07-03,WD
32,2024-07-04,WD
32,2024-07-05,WD
32,2024-07-06,WD
32,2024-07-07,WD
32,2024-07-08,WD
32,2024-07-09,WD
32,2024-07-10,WD
32,2024-07-11,WD
32,2024-07-12,WD
32,2024-07-13,WD
32,2024-07-14,WD
32,2024-07-15,WD
32,2024-07-16,WD
32,2024-07-17,WD
32,2024-07-18,WD
32,2024-07-19,WD
32,2024-07-20,WD
32,2024-07-21,WD
32,2024-07-22,WD
32,2024-07-23,WD
32,2024-07-24,WD
32,2024-07-25,WD
32,2024-07-26,WD
32,2024-07-27,WD
32,2024-07-28,WD
32,2024-07-29,WD
32,2024-07-30,WD
32,2024-07-31,WD
32,2024-08-01,WD
32,2024-08-02,WD
32,2024-08-03,WD
32,2024-08-04,WD
32,2024-08-05,WD
32,2024-08-06,WD
32,2024-08-07,WD
32,2024-08-08,WD
32,2024-08-09,WD
32,2024-08-10,WD
32,2024-08-11,WD
32,2024-08-12,WD
32,2024-08-13,WD
32,2024-08-14,WD
32,2024-08-15,WD
32,2024-08-16,WD
32,2024-08-17,WD
32,2024-08-18,WD
32,2024-08-19,WD
32,2024-08-20,WD
32,2024-08-21,WD
32,2024-08-22,WD
32,2024-08-23,WD
32,2024-08-24,WD
32,2024-08-25,WD
32,2024-08-26,WD
32,2024-08-27,WD
32,2024-08-28,WD
32,2024-08-29,WD
32,2024-08-30,WD
32,2024-08-31,WD
32,2024-09-01,WD
32,2024-09-02,WD
32,2024-09-03,WD
32,2024-09-04,WD
32,2024-09-05,WD
32,2024-09-06,WD
32,2024-09-07,WD
32,2024-09-08,WD
32,2024-09-09,WD
32,2024-09-10,WD
32,2024-09-11,WD
32,2024-09-12,WD
32,2024-09-13,WD
32,2024-09-14,WD
32,2024-09-15,WD
32,2024-09-16,WD
33,2024-10-10,AM
33,2024-10-11,AM
33,2024-10-12,AM
33,2024-10-13,AM
33,2024-10-14,AM
33,2024-10-15,AM
33,2024-10-16,AM
33,2024-10-17,AM
33,2024-10-18,AM
33,2024-10-19,AM
33,2024-10-20,AM
33,2024-10-21,AM
33,2024-10-22,AM
33,2024-10-23,AM
33,2024-10-24,AM
33,2024-10-25,AM
33,2024-10-26,AM
33,2024-10-27,AM
33,2024-10-28,AM
33,2024-10-29,AM
33,2024-10-30,AM
33,2024-10-31,AM
33,2024-11-01,AM
33,2024-11-02,AM
33,2024-11-03,AM
33,2024-11-04,AM
33,2024-11-05,AM
33,2024-11-06,AM
33,2024-11-07,AM
33,2024-11-08,AM
33,2024-11-09,AM
33,2024-11-10,AM
33,2024-11-11,AM
33,2024-11-12,AM
33,2024-11-13,AM
33,2024-11-14,AM
33,2024-11-15,AM
33,2024-11-16,AM
33,2024-11-17,AM
33,2024-11-18,AM
33,2024-11-19,AM
33,2024-11-20,AM
33,2024-11-21,AM
33,2024-11-22,AM
33,2024-11-23,AM
33,2024-11-24,AM
33,2024-11-25,AM
33,2024-11-26,AM
33,2024-11-27,AM
33,2024-11-28,AM
33,2024-11-29,AM
33,2024-11-30,AM
33,2024-12-01,AM
33,2024-12-02,AM
33,2024-12-03,AM
33,2024-12-04,AM
33,2024-12-05,AM
33,2024-12-06,AM
33,2024-12-07,AM
33,2024-12-08,AM
33,2024-12-09,AM
33,2024-12-10,AM
33,2024-12-11,AM
33,2024-12-12,AM
33,2024-12-13,AM
33,2024-12-14,AM
33,2024-12-15,AM
33,2024-12-16,AM
33,2024-12-17,AM
33,2024-12-18,AM
33,2024-12-19,AM
33,2024-12-20,AM
33,2024-12-21,AM
33,2024-12-22,AM
33,2024-12-23,AM
33,2024-12-24,AM
34,2024-10-18,PM
34,2024-10-19,PM
34,2024-10-20,PM
34,2024-10-21,PM
34,2024-10-22,PM
34,2024-10-23,PM
34,2024-10-24,PM
34,2024-10-25,PM
34,2024-10-26,PM
34,2024-10-27,PM
34,2024-10-28,PM
34,2024-10-29,PM
34,2024-10-30,PM
34,2024-10-31,PM
34,2024-11-01,PM
34,2024-11-02,PM
34,2024-11-03,PM
34,2024-11-04,PM
34,2024-11-05,PM
34,2024-11-06,PM
34,2024-11-07,PM
34,2024-11-08,PM
34,2024-11-09,PM
34,2024-11-10,PM
34,2024-11-11,PM
34,2024-11-12,PM
34,2024-11-13,PM
34,2024-11-14,PM
34,2024-11-15,PM
34,2024-11-16,PM
34,2024-11-17,PM
34,2024-11-18,PM
34,2024-11-19,PM
34,2024-11-20,PM
34,2024-11-21,PM
34,2024-11-22,PM
34,2024-11-23,PM
34,2024-11-24,PM
34,2024-11-25,PM
34,2024-11-26,PM
34,2024-11-27,PM
34,2024-11-28,PM
34,2024-11-29,PM
34,2024-11-30,PM
34,2024-12-01,PM
34,2024-12-02,PM
34,2024-12-03,PM
34,2024-12-04,PM
34,2024-12-05,PM
34,2024-12-06,PM
34,2024-12-07,PM
34,2024-12-08,PM
34,2024-12-09,PM
34,2024-12-10,PM
34,2024-12-11,PM
34,2024-12-12,PM
34,2024-12-13,PM
34,2024-12-14,PM
34,2024-12-15,PM
34,2024-12-16,PM
34,2024-12-17,PM
35,2024-12-21,WD
35,2024-12-22,WD
35,2024-12-23,WD
35,2024-12-24,WD
35,2024-12-25,WD
35,2024-12-26,WD
35,2024-12-27,WD
36,2024-07-26,AM
36,2024-07-27,AM
36,2024-07-28,AM
36,2024-07-29,AM
36,2024-07-30,AM
36,2024-07-31,AM
36,2024-08-01,AM
36,2024-08-02,AM
36,2024-08-03,AM
36,2024-08-04,AM
36,2024-08-05,AM
36,2024-08-06,AM
36,2024-08-07,AM
36,2024-08-08,AM
36,2024-08-09,AM
36,2024-08-10,AM
36,2024-08-11,AM
36,2024-08-12,AM
36,2024-08-13,AM
36,2024-08-14,AM
36,2024-08-15,AM
36,2024-08-16,AM
36,2024-08-17,AM
36,2024-08-18,AM
36,2024-08-19,AM
36,2024-08-20,AM
36,2024-08-21,AM
36,2024-08-22,AM
36,2024-08-23,AM
36,2024-08-24,AM
36,2024-08-25,AM
36,2024-08-26,AM
36,2024-08-27,AM
36,2024-08-28,AM
36,2024-08-29,AM
36,2024-08-30,AM
36,2024-08-31,AM
36,2024-09-01,AM
36,2024-09-02,AM
36,2024-09-03,AM
36,2024-09-04,AM
36,2024-09-05,AM
36,2024-09-06,AM
36,2024-09-07,AM
36,2024-09-08,AM
36,2024-09-09,AM
36,2024-09-10,AM
36,2024-09-11,AM
36,2024-09-12,AM
36,2024-09-13,AM
36,2024-09-14,AM
36,2024-09-15,AM
36,2024-09-16,AM
36,2024-09-17,AM
36,2024-09-18,AM
36,2024-09-19,AM
36,2024-09-20,AM
36,2024-09-21,AM
36,2024-09-22,AM
36,2024-09-23,AM
36,2024-09-24,AM
36,2024-09-25,AM
36,2024-09-26,AM
36,2024-09-27,AM
36,2024-09-28,AM
36,2024-09-29,AM
36,2024-09-30,AM
36,2024-10-01,AM
36,2024-10-02,AM
36,2024-10-03,AM
36,2024-10-04,AM
36,2024-10-05,AM
36,2024-10-06,AM
36,2024-10-07,AM
36,2024-10-08,AM
36,2024-10-09,AM
36,2024-10-10,AM
36,2024-10-11,AM
36,2024-10-12,AM
36,2024-10-13,AM
36,2024-10-14,AM
36,2024-10-15,AM
36,2024-10-16,AM
36,2024-10-17,AM
36,2024-10-18,AM
36,2024-10-19,AM
36,2024-10-20,AM
36,2024-10-21,AM
36,2024-10-22,AM
36,2024-10-23,AM
36,2024-10-24,AM
36,2024-10-25,AM
36,2024-10-26,AM
36,2024-10-27,AM
36,2024-10-28,AM
36,2024-10-29,AM
36,2024-10-30,AM
36,2024-10-31,AM
36,2024-11-01,AM
36,2024-11-02,AM
36,2024-11-03,AM
36,2024-11-04,AM
36,2024-11-05,AM
36,2024-11-06,AM
36,2024-11-07,AM
36,2024-11-08,AM
36,2024-11-09,AM
36,2024-11-10,AM
36,2024-11-11,AM
36,2024-11-12,AM
36,2024-11-13,AM
38,2024-10-30,WD
38,2024-10-31,WD
38,2024-11-01,WD
38,2024-11-02,WD
38,2024-11-03,WD
38,2024-11-04,WD
38,2024-11-05,WD
38,2024-11-06,WD
38,2024-11-07,WD
38,2024-11-08,WD
38,2024-11-09,WD
38,2024-11-10,WD
38,2024-11-11,WD
38,2024-11-12,WD
38,2024-11-13,WD
38,2024-11-14,WD
38,2024-11-15,WD
38,2024-11-16,WD
38,2024-11-17,WD
38,2024-11-18,WD
38,2024-11-19,WD
38,2024-11-20,WD
38,2024-11-21,WD
38,2024-11-22,WD
38,2024-11-23,WD
38,2024-11-24,WD
38,2024-11-25,WD
38,2024-11-26,WD
38,2024-11-27,WD
38,2024-11-28,WD
38,2024-11-29,WD
39,2024-11-18,PM
39,2024-11-19,PM
39,2024-11-20,PM
39,2024-11-21,PM
39,2024-11-22,PM
39,2024-11-23,PM
39,2024-11-24,PM
39,2024-11-25,PM
39,2024-11-26,PM
39,2024-11-27,PM
39,2024-11-28,PM
39,2024-11-29,PM
39,2024-11-30,PM
39,2024-12-01,PM
39,2024-12-02,PM
39,2024-12-03,PM
39,2024-12-04,PM
39,2024-12-05,PM
39,2024-12-06,PM
39,2024-12-07,PM
39,2024-12-08,PM
39,2024-12-09,PM
39,2024-12-10,PM
39,2024-12-11,PM
39,2024-12-12,PM
39,2024-12-13,PM
39,2024-12-14,PM
39,2024-12-15,PM
39,2024-12-16,PM
39,2024-12-17,PM
39,2024-12-18,PM
39,2024-12-19,PM
39,2024-12-20,PM
39,2024-12-21,PM
39,2024-12-22,PM
39,2024-12-23,PM
39,2024-12-24,PM
39,2024-12-25,PM
39,2024-12-26,PM
39,2024-12-27,PM
39,2024-12-28,PM
40,2024-04-22,AM
40,2024-04-23,AM
40,2024-04-24,AM
40,2024-04-25,AM
40,2024-04-26,AM
40,2024-04-27,AM
40,2024-04-28,AM
40,2024-04-29,AM
40,2024-04-30,AM
40,2024-05-01,AM
40,2024-05-02,AM
40,2024-05-03,AM
40,2024-05-04,AM
40,2024-05-05,AM
40,2024-05-06,AM
40,2024-05-07,AM
40,2024-05-08,AM
40,2024-05-09,AM
40,2024-05-10,AM
40,2024-05-11,AM
40,2024-05-12,AM
40,2024-05-13,AM
40,2024-05-14,AM
40,2024-05-15,AM
40,2024-05-16,AM
40,2024-05-17,AM
40,2024-05-18,AM
40,2024-05-19,AM
40,2024-05-20,AM
40,2024-05-21,AM
40,2024-05-22,AM
40,2024-05-23,AM
40,2024-05-24,AM
40,2024-05-25,AM
40,2024-05-26,AM
40,2024-05-27,AM
40,2024-05-28,AM
40,2024-05-29,AM
40,2024-05-30,AM
40,2024-05-31,AM
40,2024-06-01,AM
40,2024-06-02,AM
40,2024-06-03,AM
40,2024-06-04,AM
40,2024-06-05,AM
40,2024-06-06,AM
40,2024-06-07,AM
40,2024-06-08,AM
40,2024-06-09,AM
40,2024-06-10,AM
40,2024-06-11,AM
40,2024-06-12,AM
40,2024-06-13,AM
40,2024-06-14,AM
40,2024-06-15,AM
40,2024-06-16,AM
40,2024-06-17,AM
40,2024-06-18,AM
40,2024-06-19,AM
40,2024-06-20,AM
40,2024-06-21,AM
40,2024-06-22,AM
40,2024-06-23,AM
40,2024-06-24,AM
40,2024-06-25,AM
40,2024-06-26,AM
40,2024-06-27,AM
40,2024-06-28,AM
40,2024-06-29,AM
40,2024-06-30,AM
40,2024-07-01,AM
40,2024-07-02,AM
40,2024-07-03,AM
40,2024-07-04,AM
40,2024-07-05,AM
40,2024-07-06,AM
40,2024-07-07,AM
40,2024-07-08,AM
40,2024-07-09,AM
40,2024-07-10,AM
40,2024-07-11,AM
40,2024-07-12,AM
40,2024-07-13,AM
40,2024-07-14,AM
40,2024-07-15,AM
40,2024-07-16,AM
40,2024-07-17,AM
40,2024-07-18,AM
40,2024-07-19,AM
40,2024-07-20,AM
40,2024-07-21,AM
40,2024-07-22,AM
40,2024-07-23,AM
40,2024-07-24,AM
40,2024-07-25,AM
40,2024-07-26,AM
40,2024-07-27,AM
40,2024-07-28,AM
40,2024-07-29,AM
40,2024-07-30,AM
40,2024-07-31,AM
40,2024-08-01,AM
40,2024-08-02,AM
40,2024-08-03,AM
40,2024-08-04,AM
40,2024-08-05,AM
40,2024-08-06,AM
40,2024-08-07,AM
40,2024-08-08,AM
40,2024-08-09,AM
40,2024-08-10,AM
40,2024-08-11,AM
40,2024-08-12,AM
40,2024-08-13,AM
40,2024-08-14,AM
40,2024-08-15,AM
40,2024-08-16,AM
40,2024-08-17,AM
40,2024-08-18,AM
40,2024-08-19,AM
40,2024-08-20,AM
40,2024-08-21,AM
40,2024-08-22,AM
40,2024-08-23,AM
40,2024-08-24,AM
40,2024-08-25,AM
40,2024-08-26,AM
40,2024-08-27,AM
40,2024-08-28,AM
40,2024-08-29,AM
40,2024-08-30,AM
40,2024-08-31,AM
40,2024-09-01,AM
40,2024-09-02,AM
40,2024-09-03,AM
40,2024-09-04,AM
40,2024-09-05,AM
40,2024-09-06,AM
40,2024-09-07,AM
40,2024-09-08,AM
40,2024-09-09,AM
40,2024-09-10,AM
40,2024-09-11,AM
40,2024-09-12,AM
40,2024-09-13,AM
40,2024-09-14,AM
40,2024-09-15,AM
40,2024-09-16,AM
40,2024-09-17,AM
40,2024-09-18,AM
40,2024-09-19,AM
40,2024-09-20,AM
40,2024-09-21,AM
40,2024-09-22,AM
40,2024-09-23,AM
40,2024-09-24,AM
40,2024-09-25,AM
40,2024-09-26,AM
40,2024-09-27,AM
40,2024-09-28,AM
40,2024-09-29,AM
40,2024-09-30,AM
40,2024-10-01,AM
40,2024-10-02,AM
40,2024-10-03,AM
40,2024-10-04,AM
40,2024-10-05,AM
40,2024-10-06,AM
40,2024-10-07,AM
40,2024-10-08,AM
40,2024-10-09,AM
40,2024-10-10,AM
40,2024-10-11,AM
40,2024-10-12,AM
40,2024-10-13,AM
40,2024-10-14,AM
40,2024-10-15,AM
40,2024-10-16,AM
40,2024-10-17,AM
40,2024-10-18,AM
40,2024-10-19,AM
40,2024-10-20,AM
40,2024-10-21,AM
40,2024-10-22,AM
40,2024-10-23,AM
40,2024-10-24,AM
40,2024-10-25,AM
40,2024-10-26,AM
40,2024-10-27,AM
40,2024-10-28,AM
40,2024-10-29,AM
40,2024-10-30,AM
40,2024-10-31,AM
40,2024-11-01,AM
40,2024-11-02,AM
40,2024-11-03,AM
40,2024-11-04,AM
40,2024-11-05,AM
40,2024-11-06,AM
40,2024-11-07,AM
40,2024-11-08,AM
40,2024-11-09,AM
40,2024-11-10,AM
40,2024-11-11,AM
40,2024-11-12,AM
40,2024-11-13,AM
40,2024-11-14,AM
40,2024-11-15,AM
40,2024-11-16,AM
40,2024-11-17,AM
40,2024-11-18,AM
40,2024-11-19,AM
40,2024-11-20,AM
40,2024-11-21,AM
40,2024-11-22,AM
40,2024-11-23,AM
40,2024-11-24,AM
41,2024-11-02,PM
41,2024-11-03,PM
41,2024-11-04,PM
41,2024-11-05,PM
41,2024-11-06,PM
41,2024-11-07,PM
41,2024-11-08,PM
41,2024-11-09,PM
41,2024-11-10,PM
41,2024-11-11,PM
41,2024-11-12,PM
41,2024-11-13,PM
41,2024-11-14,PM
41,2024-11-15,PM
41,2024-11-16,PM
41,2024-11-17,PM
41,2024-11-18,PM
41,2024-11-19,PM
41,2024-11-20,PM
41,2024-11-21,PM
41,2024-11-22,PM
41,2024-11-23,PM
41,2024-11-24,PM
41,2024-11-25,PM
41,2024-11-26,PM
41,2024-11-27,PM
41,2024-11-28,PM
41,2024-11-29,PM
41,2024-11-30,PM
41,2024-12-01,PM
41,2024-12-02,PM
41,2024-12-03,PM
41,2024-12-04,PM
41,2024-12-05,PM
41,2024-12-06,PM
41,2024-12-07,PM
41,2024-12-08,PM
42,2024-08-07,AM
42,2024-08-08,AM
42,2024-08-09,AM
42,2024-08-10,AM
42,2024-08-11,AM
42,2024-08-12,AM
42,2024-08-13,AM
42,2024-08-14,AM
42,2024-08-15,AM
42,2024-08-16,AM
42,2024-08-17,AM
42,2024-08-18,AM
42,2024-08-19,AM
42,2024-08-20,AM
42,2024-08-21,AM
42,2024-08-22,AM
42,2024-08-23,AM
42,2024-08-24,AM
42,2024-08-25,AM
42,2024-08-26,AM
42,2024-08-27,AM
42,2024-08-28,AM
42,2024-08-29,AM
42,2024-08-30,AM
42,2024-08-31,AM
42,2024-09-01,AM
42,2024-09-02,AM
42,2024-09-03,AM
42,2024-09-04,AM
42,2024-09-05,AM
42,2024-09-06,AM
42,2024-09-07,AM
42,2024-09-08,AM
42,2024-09-09,AM
42,2024-09-10,AM
42,2024-09-11,AM
42,2024-09-12,AM
42,2024-09-13,AM
42,2024-09-14,AM
42,2024-09-15,AM
42,2024-09-16,AM
42,2024-09-17,AM
42,2024-09-18,AM
42,2024-09-19,AM
42,2024-09-20,AM
42,2024-09-21,AM
42,2024-09-22,AM
42,2024-09-23,AM
42,2024-09-24,AM
42,2024-09-25,AM
42,2024-09-26,AM
42,2024-09-27,AM
42,2024-09-28,AM
42,2024-09-29,AM
42,2024-09-30,AM
42,2024-10-01,AM
42,2024-10-02,AM
42,2024-10-03,AM
42,2024-10-04,AM
42,2024-10-05,AM
42,2024-10-06,AM
42,2024-10-07,AM
42,2024-10-08,AM
42,2024-10-09,AM
42,2024-10-10,AM
42,2024-10-11,AM
42,2024-10-12,AM
42,2024-10-13,AM
42,2024-10-14,AM
42,2024-10-15,AM
42,2024-10-16,AM
42,2024-10-17,AM
42,2024-10-18,AM
42,2024-10-19,AM
42,2024-10-20,AM
42,2024-10-21,AM
42,2024-10-22,AM
42,2024-10-23,AM
42,2024-10-24,AM
42,2024-10-25,AM
42,2024-10-26,AM
42,2024-10-27,AM
42,2024-10-28,AM
42,2024-10-29,AM
42,2024-10-30,AM
42,2024-10-31,AM
42,2024-11-01,AM
42,2024-11-02,AM
42,2024-11-03,AM
42,2024-11-04,AM
42,2024-11-05,AM
42,2024-11-06,AM
42,2024-11-07,AM
42,2024-11-08,AM
42,2024-11-09,AM
42,2024-11-10,AM
42,2024-11-11,AM
42,2024-11-12,AM
42,2024-11-13,AM
42,2024-11-14,AM
42,2024-11-15,AM
42,2024-11-16,AM
42,2024-11-17,AM
42,2024-11-18,AM
42,2024-11-19,AM
42,2024-11-20,AM
42,2024-11-21,AM
42,2024-11-22,AM
42,2024-11-23,AM
42,2024-11-24,AM
42,2024-11-25,AM
42,2024-11-26,AM
42,2024-11-27,AM
42,2024-11-28,AM
42,2024-11-29,AM
42,2024-11-30,AM
42,2024-12-01,AM
42,2024-12-02,AM
42,2024-12-03,AM
42,2024-12-04,AM
42,2024-12-05,AM
42,2024-12-06,AM
42,2024-12-07,AM
42,2024-12-08,AM
42,2024-12-09,AM
42,2024-12-10,AM
42,2024-12-11,AM
42,2024-12-12,AM
42,2024-12-13,AM
42,2024-12-14,AM
42,2024-12-15,AM
42,2024-12-16,AM
42,2024-12-17,AM
42,2024-12-18,AM
42,2024-12-19,AM
42,2024-12-20,AM
42,2024-12-21,AM
42,2024-12-22,AM
42,2024-12-23,AM
42,2024-12-24,AM
42,2024-12-25,AM
42,2024-12-26,AM
42,2024-12-27,AM
42,2024-12-28,AM
43,2024-08-09,PM
43,2024-08-10,PM
43,2024-08-11,PM
43,2024-08-12,PM
43,2024-08-13,PM
44,2024-10-02,AM
44,2024-10-03,AM
44,2024-10-04,AM
44,2024-10-05,AM
44,2024-10-06,AM
44,2024-10-07,AM
44,2024-10-08,AM
44,2024-10-09,AM
44,2024-10-10,AM
44,2024-10-11,AM
44,2024-10-12,AM
44,2024-10-13,AM
44,2024-10-14,AM
44,2024-10-15,AM
44,2024-10-16,AM
44,2024-10-17,AM
44,2024-10-18,AM
44,2024-10-19,AM
44,2024-10-20,AM
44,2024-10-21,AM
44,2024-10-22,AM
44,2024-10-23,AM
44,2024-10-24,AM
44,2024-10-25,AM
44,2024-10-26,AM
44,2024-10-27,AM
44,2024-10-28,AM
44,2024-10-29,AM
44,2024-10-30,AM
44,2024-10-31,AM
44,2024-11-01,AM
44,2024-11-02,AM
44,2024-11-03,AM
44,2024-11-04,AM
44,2024-11-05,AM
44,2024-11-06,AM
44,2024-11-07,AM
44,2024-11-08,AM
44,2024-11-09,AM
44,2024-11-10,AM
44,2024-11-11,AM
44,2024-11-12,AM
44,2024-11-13,AM
44,2024-11-14,AM
44,2024-11-15,AM
44,2024-11-16,AM
44,2024-11-17,AM
44,2024-11-18,AM
44,2024-11-19,AM
44,2024-11-20,AM
44,2024-11-21,AM
44,2024-11-22,AM
44,2024-11-23,AM
44,2024-11-24,AM
44,2024-11-25,AM
44,2024-11-26,AM
44,2024-11-27,AM
44,2024-11-28,AM
44,2024-11-29,AM
44,2024-11-30,AM
44,2024-12-01,AM
44,2024-12-02,AM
44,2024-12-03,AM
44,2024-12-04,AM
44,2024-12-05,AM
44,2024-12-06,AM
44,2024-12-07,AM
44,2024-12-08,AM
44,2024-12-09,AM
44,2024-12-10,AM
44,2024-12-11,AM
44,2024-12-12,AM
44,2024-12-13,AM
44,2024-12-14,AM
44,2024-12-15,AM
44,2024-12-16,AM
44,2024-12-17,AM
44,2024-12-18,AM
45,2024-05-01,PM
45,2024-05-02,PM
45,2024-05-03,PM
45,2024-05-04,PM
45,2024-05-05,PM
45,2024-05-06,PM
45,2024-05-07,PM
45,2024-05-08,PM
45,2024-05-09,PM
45,2024-05-10,PM
45,2024-05-11,PM
45,2024-05-12,PM
45,2024-05-13,PM
45,2024-05-14,PM
45,2024-05-15,PM
45,2024-05-16,PM
45,2024-05-17,PM
45,2024-05-18,PM
45,2024-05-19,PM
45,2024-05-20,PM
45,2024-05-21,PM
45,2024-05-22,PM
45,2024-05-23,PM
45,2024-05-24,PM
45,2024-05-25,PM
45,2024-05-26,PM
45,2024-05-27,PM
45,2024-05-28,PM
45,2024-05-29,PM
45,2024-05-30,PM
45,2024-05-31,PM
45,2024-06-01,PM
45,2024-06-02,PM
45,2024-06-03,PM
45,2024-06-04,PM
45,2024-06-05,PM
45,2024-06-06,PM
45,2024-06-07,PM
45,2024-06-08,PM
45,2024-06-09,PM
45,2024-06-10,PM
45,2024-06-11,PM
45,2024-06-12,PM
45,2024-06-13,PM
45,2024-06-14,PM
45,2024-06-15,PM
45,2024-06-16,PM
45,2024-06-17,PM
45,2024-06-18,PM
45,2024-06-19,PM
45,2024-06-20,PM
45,2024-06-21,PM
45,2024-06-22,PM
45,2024-06-23,PM
45,2024-06-24,PM
45,2024-06-25,PM
45,2024-06-26,PM
45,2024-06-27,PM
45,2024-06-28,PM
45,2024-06-29,PM
45,2024-06-30,PM
45,2024-07-01,PM
45,2024-07-02,PM
45,2024-07-03,PM
45,2024-07-04,PM
45,2024-07-05,PM
45,2024-07-06,PM
45,2024-07-07,PM
45,2024-07-08,PM
45,2024-07-09,PM
45,2024-07-10,PM
45,2024-07-11,PM
45,2024-07-12,PM
45,2024-07-13,PM
45,2024-07-14,PM
45,2024-07-15,PM
45,2024-07-16,PM
45,2024-07-17,PM
45,2024-07-18,PM
45,2024-07-19,PM
45,2024-07-20,PM
45,2024-07-21,PM
45,2024-07-22,PM
45,2024-07-23,PM
45,2024-07-24,PM
45,2024-07-25,PM
45,2024-07-26,PM
45,2024-07-27,PM
45,2024-07-28,PM
45,2024-07-29,PM
45,2024-07-30,PM
45,2024-07-31,PM
45,2024-08-01,PM
45,2024-08-02,PM
45,2024-08-03,PM
45,2024-08-04,PM
45,2024-08-05,PM
45,2024-08-06,PM
45,2024-08-07,PM
45,2024-08-08,PM
45,2024-08-09,PM
45,2024-08-10,PM
45,2024-08-11,PM
45,2024-08-12,PM
45,2024-08-13,PM
45,2024-08-14,PM
45,2024-08-15,PM
45,2024-08-16,PM
45,2024-08-17,PM
45,2024-08-18,PM
45,2024-08-19,PM
45,2024-08-20,PM
45,2024-08-21,PM
45,2024-08-22,PM
45,2024-08-23,PM
45,2024-08-24,PM
45,2024-08-25,PM
45,2024-08-26,PM
45,2024-08-27,PM
45,2024-08-28,PM
45,2024-08-29,PM
45,2024-08-30,PM
45,2024-08-31,PM
45,2024-09-01,PM
45,2024-09-02,PM
45,2024-09-03,PM
45,2024-09-04,PM
45,2024-09-05,PM
45,2024-09-06,PM
45,2024-09-07,PM
45,2024-09-08,PM
45,2024-09-09,PM
45,2024-09-10,PM
45,2024-09-11,PM
45,2024-09-12,PM
45,2024-09-13,PM
45,2024-09-14,PM
45,2024-09-15,PM
45,2024-09-16,PM
45,2024-09-17,PM
45,2024-09-18,PM
45,2024-09-19,PM
45,2024-09-20,PM
45,2024-09-21,PM
45,2024-09-22,PM
45,2024-09-23,PM
45,2024-09-24,PM
45,2024-09-25,PM
45,2024-09-26,PM
45,2024-09-27,PM
45,2024-09-28,PM
45,2024-09-29,PM
45,2024-09-30,PM
45,2024-10-01,PM
45,2024-10-02,PM
45,2024-10-03,PM
45,2024-10-04,PM
45,2024-10-05,PM
45,2024-10-06,PM
45,2024-10-07,PM
45,2024-10-08,PM
45,2024-10-09,PM
45,2024-10-10,PM
45,2024-10-11,PM
45,2024-10-12,PM
45,2024-10-13,PM
45,2024-10-14,PM
45,2024-10-15,PM
45,2024-10-16,PM
45,2024-10-17,PM
45,2024-10-18,PM
45,2024-10-19,PM
45,2024-10-20,PM
45,2024-10-21,PM
45,2024-10-22,PM
45,2024-10-23,PM
45,2024-10-24,PM
45,2024-10-25,PM
45,2024-10-26,PM
45,2024-10-27,PM
45,2024-10-28,PM
45,2024-10-29,PM
45,2024-10-30,PM
45,2024-10-31,PM
45,2024-11-01,PM
45,2024-11-02,PM
45,2024-11-03,PM
45,2024-11-04,PM
45,2024-11-05,PM
45,2024-11-06,PM
45,2024-11-07,PM
45,2024-11-08,PM
45,2024-11-09,PM
45,2024-11-10,PM
45,2024-11-11,PM
45,2024-11-12,PM
45,2024-11-13,PM
45,2024-11-14,PM
45,2024-11-15,PM
45,2024-11-16,PM
45,2024-11-17,PM
45,2024-11-18,PM
45,2024-11-19,PM
45,2024-11-20,PM
45,2024-11-21,PM
45,2024-11-22,PM
45,2024-11-23,PM
45,2024-11-24,PM
45,2024-11-25,PM
45,2024-11-26,PM
45,2024-11-27,PM
45,2024-11-28,PM
45,2024-11-29,PM
45,2024-11-30,PM
45,2024-12-01,PM
45,2024-12-02,PM
45,2024-12-03,PM
45,2024-12-04,PM
45,2024-12-05,PM
45,2024-12-06,PM
45,2024-12-07,PM
45,2024-12-08,PM
45,2024-12-09,PM
45,2024-12-10,PM
45,2024-12-11,PM
45,2024-12-12,PM
45,2024-12-13,PM
45,2024-12-14,PM
45,2024-12-15,PM
45,2024-12-16,PM
45,2024-12-17,PM
45,2024-12-18,PM
45,2024-12-19,PM
45,2024-12-20,PM
45,2024-12-21,PM
45,2024-12-22,PM
45,2024-12-23,PM
45,2024-12-24,PM
45,2024-12-25,PM
45,2024-12-26,PM
46,2024-12-18,AM
47,2024-09-21,AM
47,2024-09-22,AM
47,2024-09-23,AM
47,2024-09-24,AM
47,2024-09-25,AM
47,2024-09-26,AM
47,2024-09-27,AM
47,2024-09-28,AM
47,2024-09-29,AM
47,2024-09-30,AM
47,2024-10-01,AM
47,2024-10-02,AM
47,2024-10-03,AM
47,2024-10-04,AM
47,2024-10-05,AM
47,2024-10-06,AM
47,2024-10-07,AM
47,2024-10-08,AM
47,2024-10-09,AM
47,2024-10-10,AM
47,2024-10-11,AM
47,2024-10-12,AM
47,2024-10-13,AM
47,2024-10-14,AM
47,2024-10-15,AM
47,2024-10-16,AM
47,2024-10-17,AM
47,2024-10-18,AM
47,2024-10-19,AM
47,2024-10-20,AM
47,2024-10-21,AM
47,2024-10-22,AM
47,2024-10-23,AM
47,2024-10-24,AM
47,2024-10-25,AM
47,2024-10-26,AM
47,2024-10-27,AM
47,2024-10-28,AM
47,2024-10-29,AM
47,2024-10-30,AM
47,2024-10-31,AM
47,2024-11-01,AM
47,2024-11-02,AM
47,2024-11-03,AM
47,2024-11-04,AM
47,2024-11-05,AM
47,2024-11-06,AM
47,2024-11-07,AM
47,2024-11-08,AM
47,2024-11-09,AM
47,2024-11-10,AM
47,2024-11-11,AM
47,2024-11-12,AM
47,2024-11-13,AM
47,2024-11-14,AM
47,2024-11-15,AM
47,2024-11-16,AM
47,2024-11-17,AM
47,2024-11-18,AM
47,2024-11-19,AM
47,2024-11-20,AM
47,2024-11-21,AM
47,2024-11-22,AM
47,2024-11-23,AM
47,2024-11-24,AM
47,2024-11-25,AM
47,2024-11-26,AM
47,2024-11-27,AM
47,2024-11-28,AM
47,2024-11-29,AM
47,2024-11-30,AM
47,2024-12-01,AM
47,2024-12-02,AM
47,2024-12-03,AM
47,2024-12-04,AM
48,2024-07-25,WD
48,2024-07-26,WD
48,2024-07-27,WD
48,2024-07-28,WD
48,2024-07-29,WD
48,2024-07-30,WD
48,2024-07-31,WD
48,2024-08-01,WD
48,2024-08-02,WD
48,2024-08-03,WD
48,2024-08-04,WD
48,2024-08-05,WD
48,2024-08-06,WD
48,2024-08-07,WD
48,2024-08-08,WD
48,2024-08-09,WD
48,2024-08-10,WD
48,2024-08-11,WD
48,2024-08-12,WD
48,2024-08-13,WD
48,2024-08-14,WD
48,2024-08-15,WD
48,2024-08-16,WD
48,2024-08-17,WD
48,2024-08-18,WD
48,2024-08-19,WD
48,2024-08-20,WD
48,2024-08-21,WD
48,2024-08-22,WD
48,2024-08-23,WD
48,2024-08-24,WD
48,2024-08-25,WD
48,2024-08-26,WD
48,2024-08-27,WD
48,2024-08-28,WD
48,2024-08-29,WD
48,2024-08-30,WD
48,2024-08-31,WD
48,2024-09-01,WD
48,2024-09-02,WD
48,2024-09-03,WD
48,2024-09-04,WD
48,2024-09-05,WD
48,2024-09-06,WD
48,2024-09-07,WD
48,2024-09-08,WD
48,2024-09-09,WD
48,2024-09-10,WD
48,2024-09-11,WD
48,2024-09-12,WD
48,2024-09-13,WD
48,2024-09-14,WD
48,2024-09-15,WD
48,2024-09-16,WD
48,2024-09-17,WD
48,2024-09-18,WD
48,2024-09-19,WD
48,2024-09-20,WD
48,2024-09-21,WD
48,2024-09-22,WD
48,2024-09-23,WD
48,2024-09-24,WD
48,2024-09-25,WD
48,2024-09-26,WD
48,2024-09-27,WD
48,2024-09-28,WD
48,2024-09-29,WD
48,2024-09-30,WD
48,2024-10-01,WD
48,2024-10-02,WD
48,2024-10-03,WD
48,2024-10-04,WD
48,2024-10-05,WD
48,2024-10-06,WD
48,2024-10-07,WD
48,2024-10-08,WD
48,2024-10-09,WD
48,2024-10-10,WD
48,2024-10-11,WD
48,2024-10-12,WD
48,2024-10-13,WD
48,2024-10-14,WD
48,2024-10-15,WD
49,2024-11-01,WD
49,2024-11-02,WD
49,2024-11-03,WD
49,2024-11-04,WD
49,2024-11-05,WD
49,2024-11-06,WD
49,2024-11-07,WD
49,2024-11-08,WD
49,2024-11-09,WD
49,2024-11-10,WD
49,2024-11-11,WD
49,2024-11-12,WD
49,2024-11-13,WD
49,2024-11-14,WD
49,2024-11-15,WD
49,2024-11-16,WD
49,2024-11-17,WD
49,2024-11-18,WD
49,2024-11-19,WD
50,2024-11-29,AM
50,2024-11-30,AM
50,2024-12-01,AM
50,2024-12-02,AM
50,2024-12-03,AM
50,2024-12-04,AM
50,2024-12-05,AM
50,2024-12-06,AM
50,2024-12-07,AM
50,2024-12-08,AM
50,2024-12-09,AM
50,2024-12-10,AM
50,2024-12-11,AM
50,2024-12-12,AM
50,2024-12-13,AM
50,2024-12-14,AM
50,2024-12-15,AM
50,2024-12-16,AM
50,2024-12-17,AM
50,2024-12-18,AM
50,2024-12-19,AM
50,2024-12-20,AM
50,2024-12-21,AM
50,2024-12-22,AM
50,2024-12-23,AM
50,2024-12-24,AM
50,2024-12-25,AM
50,2024-12-26,AM
50,2024-12-27,AM
50,2024-12-28,AM
50,2024-12-29,AM
50,2024-12-30,AM
50,2024-12-31,AM
